RowName,23-Crude tail,33-LN NK,30-LN Treg,45-Meiosis II(MII),44-Pachytene/Diplotene(P/D),46-Round spermatid(RS),42-Spermatogonia,32-Spleen CD4 effector/memory(E/M),41-Spleen CD4 naive,37-Spleen CD8 central memory(CM),38-Spleen CD8 effector/memory(E/M),40-Spleen CD8 naive,34-Spleen NK,31-Spleen Treg,25-Tail epidermis,16-Tail skin dermis,39-Whole blood,13-Brown fat(bFat),05-Cerebral cortex,17-Ear lobe,01-Eyeball,03-Cerebellum(flocculus),10-Heart,04-Hippocampal formation,06-Hypothalamus,21-Kidney,26-Large intestine(basal layer),29-Large intestine(epithelium),22-Liver,18-Lung,35-LN,43-Leptotene/Zygotene(L/Z),14-Mesenteric fat(mFat),11-Muscle,07-Brain stem,08-Olfactory bulb,09-Optic nerve,15-Salivary gland,20-Skin,27-Small intestine(basal layer),28-Small intestine(epithelium),36-Spleen,12-Thyroid gland,24-Tongue,19-Perigonadal fat(pFat),02-Cerebellum(central part)
09-Adat1,0.79168568,0.731608873,0.800631067,1,0.790018323,1,0.871436086,0.712170168,0.643874015,0.640322815,0.655443296,0.632200523,0.618929218,0.831650298,0.915941346,0.871632559,0.642754232,1,0.783692126,0.876232538,0.798695111,0.707372094,1,0.743341705,0.811404408,0.951819105,0.910698264,0.791837653,0.978217311,0.964777265,0.732764961,0.85772704,0.998690168,0.911182433,0.785202747,0.797743904,0.863851307,0.921684546,0.922065378,0.847148794,0.840257192,0.692912466,0.877570048,0.85566465,1,0.766531544
49-Adat2,0.727033629,0.157925412,0.279283102,0.320032538,0.270870706,0.212615119,0.318114403,0.184543413,0.114913494,0.199236397,0.127056743,0.165009672,0.109038043,0.208721059,0.531170513,0.835490986,0.151547454,0.777880907,0.887358936,0.767973029,0.941046296,1,0.77479445,0.931843356,0.960366892,0.71261565,0.44192199,0.26662608,0.614924427,0.462737855,0.216497577,0.326816131,0.643517612,0.787709452,0.900939557,0.929490272,0.762182553,0.714685054,0.628447724,0.437249487,0.281675502,0.140418449,0.672769259,0.478183905,0.538108516,1
71-Adat3,0.322500707,0.009426507,0.053822536,0.032228308,0.040044207,0,0.09398908,0.031360908,0.010790277,0.031020535,0.017041971,0.014030193,0.01185863,0.02544883,0.147702727,0.559851361,0.043038317,0.448374809,0.765161927,0.430784786,1,0.949816502,0.461198814,0.672414596,0.651358919,0.293831401,0.249913009,0.106981293,0.171734035,0.199007198,0.063414661,0.061574896,0.447302377,0.479578739,0.675745192,0.554792851,0.546604951,0.34658206,0.229150214,0.195951998,0.109922805,0.055604224,0.3670137,0.234345157,0.271406249,1
31-Alkbh3-1,0.51836228,0.501620606,0.422995149,0.242970945,0.256521232,0.23378714,0.229590534,0.474925231,0.344637852,0.427786447,0.486305772,0.358336247,0.617202934,0.454197893,0.386103316,0.547189372,0.368983186,0.651572478,1,0.64270287,0.614279229,0.719240797,0.619405909,1,0.752004455,1,0.517138751,0.582049023,0.660727587,0.74824068,0.461955464,0.210254332,0.691250468,0.555412323,0.899950026,0.895375275,0.859797171,0.694016608,0.54279013,0.610378075,0.553358881,0.530429457,0.628618418,0.486394707,0.588073092,0.923968903
26-Alkbh3-2,0.777820378,0.71147079,0.606386355,0.147224908,0.036828823,0.06666357,0.079124657,0.637471455,0.55731331,0.606151254,0.53964535,0.547088362,0.607511569,0.624249361,0.738471135,0.862305954,0.557502321,1,0.939819298,0.769903307,0.960436489,0.859756305,0.977223865,0.845784506,0.941661572,0.901872627,0.779005009,0.578438857,0.89454122,0.902022703,0.667634947,0.118957374,0.988473354,0.922297933,0.890433207,0.950633932,0.820347422,0.923939733,0.950465934,0.637815219,0.679933023,0.634799939,0.961239886,0.680095908,0.87458856,0.87157793
24-Alkbh3-3,0.732183094,0.676810762,0.651182126,0.504177015,0.233412218,0.433265145,0.289572789,0.602685514,0.598188498,0.626395368,0.692585439,0.611528477,0.62360409,0.759217758,0.640886402,0.820308461,0.54817066,0.975018235,0.948098482,0.766859408,0.765775651,0.967256424,0.996033981,1,0.955243698,1,0.703038184,0.60203502,0.982476301,0.920064036,0.707933867,0.27059387,0.847035677,1,1,1,1,0.808853246,0.886110405,0.699507198,0.568491705,0.652512231,0.936744225,0.794412175,0.819861334,1
30-Alkbh5,0.549198917,0.389865992,0.814896546,0.019393839,0.013931682,0.019481187,0.039523212,0.692955071,0.537475322,0.511676191,0.469111688,0.558632763,0.422807038,0.798691355,0.483028744,0.612978042,0.416248906,0.748806705,0.885434431,0.589148823,0.898238297,0.883858008,0.701213655,0.876558696,0.803929981,0.919163396,0.526997524,0.470413586,0.49395562,0.734494652,0.504435968,0.026367438,0.909959065,0.715799318,0.827245797,0.858419641,0.655764174,0.886170376,0.744538331,0.514278062,0.395309844,0.511711864,0.657127288,0.5490322,0.725286677,0.859146444
16-Alkbh8,0.616308119,0.74602915,0.93120368,0.587477856,0.594173266,0.508799339,0.684433802,0.856394825,0.83861064,0.699117971,0.669897124,0.93344376,0.843743038,0.849936983,0.580370508,0.607966034,0.615729065,0.880818454,0.847469154,0.585148874,0.895646801,0.815436714,0.826233301,0.906823326,0.946806186,0.783645317,0.709310025,0.462210686,0.726583739,0.85195827,0.745373429,0.557244174,0.921225747,0.758543557,0.820733156,0.821261337,0.769959863,0.732702728,0.641886799,0.605069806,0.697614581,1,0.840423392,0.550123177,0.750637821,0.791203293
19-Bcdin3d,0.68287981,0.711873797,0.861142341,0.449550581,0.700765734,0.502743234,0.690960132,0.625731799,0.501162335,0.564550382,0.511184852,0.485151453,0.61024699,0.718496123,0.751474361,0.678914816,0.484542816,0.83154039,0.865069183,0.611751291,0.785875032,0.631088059,0.91492277,0.793070282,0.856890566,0.883578741,0.769228678,0.639797834,0.814331123,0.779668966,0.586467214,0.620718876,0.866038699,0.747777446,0.821293754,0.789951148,0.759915246,0.872787246,0.728728679,0.774213907,0.708700711,0.520127047,0.80971886,0.648775427,0.861309227,0.700845898
78-Bud23,0.169520706,0.122295759,0.103001605,0.00314344,0.001904632,0.0009075,0.011342977,0.065964307,0.073458985,0.087285412,0.078840347,0.073808484,0.10701913,0.107750422,0.074233557,0.262831233,0.08371953,0.204521023,0.55073103,0.294976389,0.823902686,0.202663278,0.339811628,0.530167072,0.478795425,0.122897364,0.170249183,0.057260769,0.146939312,0.159503422,0.102267528,0.007000713,0.259653274,0.331245245,0.491299593,0.336290816,0.366227697,0.264456816,0.200757583,0.121740339,0.064122266,0.078662257,0.214754701,0.173935657,0.151888423,0.209285173
36-Cdkal1,0.721472685,0.561031842,0.666533196,0.402384186,0.326300151,0.329721333,0.408459057,0.520370243,0.45499343,0.462326271,0.421739104,0.574312426,0.499524953,0.455942601,0.702394732,0.731768444,0.48727624,0.936357233,0.910004753,0.629915598,0.91044281,0.822045499,0.955796642,0.895813069,0.88821768,0.912277499,0.671986923,0.523320961,0.967154431,0.783957824,0.556065722,0.40266728,0.963664097,0.808395273,0.930602124,0.875118613,0.953294358,0.800523687,0.766607532,0.695669022,0.564650292,0.553387085,0.860413035,0.625805042,0.810333367,0.858654986
74-Cmtr1,0.234469121,0.035272666,0.042705892,0.002601262,0.001865019,0.002503129,0.015687393,0.050857974,0.007737025,0.053036363,0.027808561,0.013887781,0.02771754,0.031060247,0.106698457,0.339868576,0.040345609,0.455246839,0.759832335,0.319615849,0.853805844,0.813115817,0.438496117,0.843394522,0.73915727,0.553989801,0.228907029,0.03322855,0.232096845,0.40419276,0.061806146,0.008343763,0.376488523,0.494228805,0.699595479,0.765477613,0.493216013,0.572821946,0.295011542,0.317112519,0.167383422,0.052052763,0.544863962,0.252162335,0.35260708,0.824605951
51-Cmtr2,0.543881775,0.173110398,0.218329184,0.056139731,0.029324143,0.019572446,0.046019901,0.203030996,0.170794575,0.20893405,0.119869377,0.155845437,0.182263304,0.203840938,0.335246567,0.780284434,0.127828814,0.971601435,1,0.647127884,0.869974643,1,0.906709698,1,1,0.75133777,0.448330423,0.09757824,0.781355724,0.630375726,0.23976088,0.039174803,0.674457456,0.943339631,1,1,0.835978385,0.655779816,0.556060087,0.34776371,0.157744302,0.158988896,0.762787647,0.46058198,0.75269853,1
44-Ctu1,0.321430408,0.094359195,0.613832669,0.059657765,0.042636393,0.038943136,0.058284221,0.484295546,0.031700158,0.100156786,0.074185139,0.058735968,0.044120941,0.396758267,0.129603226,0.532791978,0.063586217,0.796509857,0.900072058,0.495220336,0.855374705,0.951656221,0.856358248,0.836704014,0.715694696,0.496419091,0.58979837,0.350718722,0.18219625,0.406145052,0.115710835,0.048879657,0.680081487,0.887301939,0.782237144,0.685324655,0.745330028,0.742046168,0.487793789,0.825159257,0.73221578,0.072158688,0.674423437,0.400015904,0.482796734,0.884726442
50-Dcps,0.639091384,0.103725597,0.266290556,0.261479722,0.156154051,0.187011293,0.221064111,0.183786037,0.143495493,0.229967738,0.117672438,0.160465297,0.071933607,0.206590914,0.538849905,0.787187396,0.121959518,1,0.979140334,0.698133766,1,1,0.95226955,0.850848688,0.978844252,0.889525299,0.534341212,0.251174727,0.856487592,0.657232712,0.207154698,0.184870743,0.785747683,0.847246638,0.898570662,0.894713815,0.741135717,0.971556103,0.690972495,0.368463304,0.262233859,0.200785264,0.852844183,0.435641625,0.636560874,1
58-Dimt1,0.34138555,0.181541352,0.121104477,0.005571692,0.027466708,0.061575775,0.06332585,0.093074105,0.078538789,0.120209585,0.139150501,0.083105036,0.201589845,0.108202534,0.203061647,0.522833126,0.154346682,0.918173455,0.865898274,0.550215072,0.956266136,1,0.758283294,0.980480377,0.880984408,0.612114344,0.321197313,0.080556944,0.506997648,0.582743165,0.175992608,0.040813648,0.610447177,0.653990926,0.802900753,0.902807469,0.821122295,0.708076,0.486534354,0.245177125,0.128496639,0.140832965,0.743513613,0.432802523,0.43301332,1
42-Elp1,0.213244381,0.077108815,0.298364295,0.256186641,0.533660305,0.021721561,0.482739287,0.258156901,0.016067277,0.073644604,0.035269928,0.035233317,0.036142811,0.180843814,0.119869811,0.382264543,0.038890933,0.835719757,0.746773573,0.397445864,0.838365706,0.71631077,0.812328063,0.730575541,0.632131639,0.619417083,0.812469823,0.430449773,0.287525259,0.415094985,0.095346566,0.809611534,0.592868628,0.655724701,0.672607141,0.498511736,0.649218655,0.649976017,0.40575804,1,1,0.058726006,0.564211187,0.342813913,0.480920831,0.673087854
43-Elp3,0.457079012,0.123804395,0.354924944,0.308215744,0.177839933,0.086634913,0.230730051,0.223988472,0.042919303,0.121954023,0.062323682,0.087041285,0.169316918,0.227168682,0.348800619,0.612185368,0.087467126,1,0.835916751,0.652771287,0.790532591,0.789334657,0.98439427,0.980737906,0.857234836,0.810489835,0.943245546,0.474671669,0.731256046,0.611795618,0.146748251,0.443123939,0.757914648,0.931507361,0.91725877,0.777497394,0.97362348,0.89320611,0.616768617,1,1,0.100581764,0.910880106,0.546965576,0.639121909,0.839931968
68-Fbl,0.302314696,0.101031819,0.20895766,0.070382268,0.035263459,0.054562438,0.041987807,0.153330327,0.085952031,0.101818211,0.079043919,0.105630263,0.078899352,0.140201356,0.208058695,0.400467975,0.084110815,0.354086271,0.829778926,0.374368677,0.790121043,0.939007071,0.423026207,1,0.904860815,0.288652648,0.241492156,0.089497435,0.374385822,0.301934397,0.124088111,0.031899001,0.330743691,0.350451958,0.800786097,0.826436442,0.543585827,0.365146148,0.279192644,0.168027461,0.091684336,0.107270925,0.295024925,0.234840534,0.260598829,1
41-Fto-1,0.400997775,0.175247843,0.263049252,0.111151075,0.067687943,0.101105084,0.097157076,0.231707001,0.101274495,0.373845416,0.301427763,0.09663299,0.097883668,0.13225211,0.371231929,0.539806216,0.349528117,1,0.564748409,0.576597228,0.628102891,0.446710018,0.842194318,0.525145977,0.567917662,0.62819137,0.641542225,0.386133231,0.665452132,0.462408496,0.261292818,0.084985433,1,0.674753716,0.461947187,0.633547107,0.489220923,1,0.522889868,0.43991482,0.547499898,0.303228945,0.753609597,0.470879854,1,0.493916
21-Fto-2,0.867313105,0.6159091,0.5797065,0.326494022,0.332070232,0.365882927,0.382862863,0.589540915,0.475876356,0.768147357,0.845980341,0.443103279,0.421144569,0.451038352,0.924735729,0.863071737,0.634646399,0.907361594,0.959984241,0.842115726,1,1,0.854377454,1,1,0.970736645,0.847475588,0.731537543,1,0.817676992,0.689688635,0.294920226,0.739722058,0.95576838,1,1,0.994321984,0.741460029,0.719933618,0.698360649,0.701300587,0.614454484,0.845344278,0.689156847,0.959778318,1
12-Ftsj1,0.879434123,1,1,0.260484862,0.367268347,0.285628981,0.379440337,1,1,1,1,1,1,1,0.937553781,0.954978473,1,0.831733281,1,0.876585022,1,1,0.880541762,1,1,1,0.694495659,0.535771922,0.967499564,1,1,0.325347875,0.788874423,0.940624958,1,1,1,0.698199799,0.892835732,0.704607441,0.655221875,1,0.798447627,0.925158359,0.86667313,1
85-Gon7-1,0.169229518,0.029953661,0.077926741,0.080343099,0.109712701,0.043623827,0.123855168,0.087182314,0.018888496,0.04178524,0.026559704,0.028518121,0.025654712,0.063869443,0.192563218,0.227378181,0.052982546,0.20412627,0.29406253,0.298565442,0.358801501,0.083923425,0.218547188,0.32466767,0.461276392,0.097806396,0.135108421,0.05136568,0.074905649,0.156963966,0.057803696,0.122092241,0.360217374,0.336060037,0.415175079,0.259234529,0.409693121,0.228843763,0.250153116,0.121939912,0.063879009,0.064659834,0.158391306,0.148140093,0.118319402,0.12846482
29-Gon7-2,0.606006078,0.798268743,0.774833803,0.072733799,0.009936829,0.048566279,0.050557522,0.681705584,0.760642443,0.644086085,0.658606712,0.806396407,0.81889413,0.67047011,0.519323754,0.663046091,0.550285655,0.839030961,0.924366777,0.642392397,1,1,0.744000744,1,0.989315281,1,0.608250074,0.490653537,0.814554033,0.859383968,0.676524165,0.034868953,0.906381104,0.762101808,0.937653891,0.935893456,0.954194593,0.656337791,0.659618698,0.591481206,0.501638786,0.697080755,0.807320001,0.601077296,0.762587896,1
75-Hsd17b10,0.225621858,0.007259125,0.037201119,0.00433197,0.001981964,0.003142791,0.018336701,0.011595771,0.004230066,0.014844322,0.005337388,0.008152482,0.00229977,0.019439109,0.105859542,0.363462545,0.016762243,0.452825581,0.663799832,0.306797945,0.685232295,0.600491132,0.488141905,0.750237271,0.584883101,0.448033019,0.160513202,0.007205829,0.208557383,0.378734928,0.034738505,0.007903913,0.409454394,0.396757399,0.546784386,0.618530634,0.60526629,0.410244876,0.247790712,0.114602971,0.004979718,0.028424597,0.506315212,0.236975285,0.271222952,0.649921223
83-Iscu,0.12380342,0.009383741,0.06004395,0.001036137,0.000692809,0,0.006055277,0.021990708,0.010627429,0.047271461,0.013739946,0.019794239,0.010991697,0.039917099,0.07295835,0.204278512,0.017293253,0.293398871,0.268346941,0.2086925,0.242673533,0.225503884,0.504575862,0.300170865,0.451787573,0.152189932,0.110341236,0.011695616,0.254792595,0.207418438,0.052194009,0.003036053,0.38779663,0.361095091,0.392487971,0.286172269,0.344752273,0.342892366,0.172731059,0.100513124,0.011317163,0.047045309,0.270211107,0.193969888,0.181139567,0.228959604
38-Lage3,0.676666877,0.336837641,0.240070152,0.372563448,0.452947422,0.465427944,0.428184164,0.195290494,0.264090935,0.209561232,0.122117265,0.231296072,0.422587961,0.290700302,0.60747714,0.795608428,0.250472069,0.893869451,0.845091028,0.735002972,0.71108499,0.735760781,0.896285346,0.898442765,0.855292682,0.849487501,0.603281418,0.391903258,0.739663176,0.626294113,0.225522243,0.386027258,0.718040705,0.848656048,0.833640218,0.951737516,0.760136573,0.805284345,0.820242127,0.489056154,0.439511375,0.220984963,0.735463303,0.630607564,0.711491898,0.824266784
81-Mepce,0.130423335,0.083304991,0.109893186,0.060836795,0.195025706,0.123384491,0.194280599,0.123820533,0.085212359,0.123176235,0.075321282,0.063589955,0.047945482,0.109584885,0.140391844,0.172505358,0.07990045,0.296209812,0.39650543,0.241632318,0.30328684,0.182344695,0.311472348,0.282212873,0.55986435,0.117118312,0.250616614,0.188440453,0.18098892,0.176919304,0.099800803,0.140071113,0.332678793,0.347570883,0.391880834,0.23497842,0.15591912,0.358562011,0.245791117,0.277987024,0.266954968,0.071639687,0.216505692,0.198199522,0.2069268,0.188293395
65-Mettl1,0.635883363,0.128640247,0.176526467,0.072067287,0.121530611,0.062845667,0.103345233,0.134993563,0.093825879,0.140657629,0.135641256,0.129531042,0.103136869,0.135804793,0.609571499,0.619460569,0.098592194,0.599047963,0.770683668,0.565120235,1,1,0.659350233,0.721820616,0.770677995,0.297895996,0.221000981,0.056296929,0.175723523,0.383162945,0.126320625,0.060897436,0.513792128,0.56694993,0.676219006,0.571028549,0.688837116,0.442320012,0.300410724,0.14087132,0.09147126,0.11478514,0.461293175,0.318583742,0.39196167,1
56-Mettl14,0.431300019,0.124684011,0.127512163,0.074333779,0.048536896,0.053788896,0.066861113,0.062793676,0.068196108,0.082844599,0.089947257,0.068618425,0.100579891,0.097501467,0.289813183,0.569480589,0.079220617,0.696848336,1,0.510597761,1,1,0.767070013,1,1,0.76493969,0.372655469,0.163103186,0.572642758,0.596485599,0.143971986,0.030232558,0.570492604,0.893056949,1,1,1,0.735339977,0.502211949,0.341592233,0.174486585,0.122973664,0.848881993,0.422888841,0.545784037,1
87-Mettl16,0.1895524,0.018145156,0.012983678,0.007966778,0.0013065,0.005867795,0.018438982,0.003415627,0.003795173,0.008872833,0.002458706,0.009414545,0.00733054,0.010602773,0.166877544,0.224840158,0.008122597,0.13045245,0.270372144,0.270710232,0.128746585,0.082233166,0.593769263,0.299258856,0.220540645,0.161913016,0.09871681,0.020290703,0.220804856,0.084690763,0.022220127,0.006418919,0.215549995,0.320208812,0.277568133,0.062419739,0.359975238,0.068106274,0.124860446,0.059933106,0.008525964,0.018609423,0.237746724,0.14321653,0.074592523,0.083950939
22-Mettl2,0.783709035,0.693438534,0.713881682,0.386287194,0.431422915,0.37360721,0.374656312,0.738926262,0.501949139,0.604926934,0.529535924,0.527955244,0.534568799,0.662831956,0.662395346,0.90561733,0.539166459,1,0.972186298,0.961317582,1,0.915436128,1,0.924948772,0.973297245,1,0.934760595,0.845009193,0.955129022,0.933540129,0.589935568,0.360823964,0.918978824,0.9774708,0.974455871,0.920135956,0.887682173,1,1,0.777902322,0.778244352,0.583388322,0.906896959,0.730955458,0.9351214,0.950246454
54-Mettl3-1,0.333806761,0.07321157,0.137155097,0.035676472,0.013706088,0.06391227,0.033602321,0.101407904,0.037541176,0.067726219,0.039125687,0.066264481,0.033874569,0.104209497,0.197907324,0.516415784,0.047912052,0.61694172,1,0.424265164,1,1,0.667259807,1,0.942673652,0.650939634,0.288755043,0.19664614,0.329345618,0.525899316,0.085726047,0.028691603,0.622769814,0.874658021,0.96498304,0.906334589,0.825895075,0.697685247,0.51342813,0.317209516,0.121675661,0.076421705,0.801865505,0.338655541,0.518314816,1
55-Mettl3-2,0.327057161,0.077523576,0.081791948,0.048929847,0.039396096,0.046521053,0.066959288,0.0544392,0.049188326,0.057578177,0.041393718,0.04988824,0.040589809,0.068896588,0.169618773,0.52348826,0.047042909,0.871734829,0.966379999,0.488178813,1,1,0.837467152,1,1,0.774116456,0.367268679,0.132177718,0.694267348,0.807559372,0.123446074,0.032656798,0.687818261,0.884283394,0.968218159,0.936337854,0.922339124,0.782189152,0.507552352,0.29751682,0.14425177,0.093473176,0.858009872,0.404964275,0.582520895,1
53-Mettl3-3,0.530827963,0.256759268,0.289372067,0.113260197,0.071650327,0.03478639,0.102887179,0.279065328,0.233998584,0.256198219,0.243158102,0.222525353,0.203581353,0.281605721,0.299062868,0.675899732,0.211067202,0.845168547,1,0.607111379,1,1,0.957256714,1,1,0.782465489,0.400003297,0.198546845,0.70509934,0.742972675,0.301071854,0.094945055,0.79461417,1,1,1,0.917914368,0.855051043,0.724220184,0.416473467,0.277700187,0.249895366,0.948875128,0.530658472,0.648726201,1
33-Mettl6,0.481290446,0.358147312,0.469629236,0.136743178,0.119711343,0.142271062,0.154026947,0.404851952,0.240091261,0.384787392,0.372296774,0.313858619,0.263115852,0.404210594,0.364826713,0.555049078,0.315253789,0.848344564,0.729527098,0.556848023,0.665146023,0.700357038,0.746901387,0.869142611,0.773528236,0.885837248,0.528675709,0.320112779,0.649461263,0.74665353,0.449019028,0.141894623,0.959562888,0.664922315,0.704161901,0.834694041,0.743663568,0.687546172,0.568300919,0.467785563,0.472861348,0.418267075,0.620797985,0.502867228,0.711114049,0.813679001
23-Mrm1,0.852556573,0.615898487,0.720216902,0.372688478,0.309435305,0.287378455,0.320043655,0.740239593,0.682556379,0.669218844,0.60661168,0.65696961,0.551836051,0.679853475,0.653236803,0.85388706,0.520956235,0.854774493,1,0.835809763,0.870184089,1,0.916232705,1,1,0.958511143,0.762870328,0.609695024,1,0.796651866,0.651222236,0.278903288,0.666871288,0.961378145,1,1,0.939944056,0.798367156,0.820069279,0.750922241,0.672788031,0.58310445,0.812809786,0.748726093,0.807659545,1
59-Mrm2,0.297107,0.053613635,0.062666481,0.068089871,0.043250372,0.061360244,0.090672483,0.026373612,0.007896878,0.052707779,0.019060293,0.014425513,0.018195477,0.05100144,0.148894953,0.418660651,0.047866271,0.911638873,0.910850831,0.437368897,1,0.947069002,0.708658319,0.917486271,0.824281121,0.624950318,0.242038685,0.01563231,0.53338857,0.560758863,0.087899108,0.081314668,0.609793889,0.636024654,0.848593338,0.737123769,0.695730905,0.68384602,0.503905639,0.20251976,0.021556713,0.059567369,0.78567584,0.391094919,0.44072638,0.943886473
14-Mrm3,0.760417005,0.944786561,1,0.497879377,0.52112741,0.402509405,0.55258714,0.881487404,0.704799577,0.787834892,0.704316213,0.840292603,0.77260657,0.926548823,0.567221417,0.8617939,0.753244097,0.806512761,0.868806285,0.713662301,1,1,1,0.795107889,0.960097805,0.919384505,0.591802098,0.403806959,0.811077627,0.846056033,0.730732697,0.656968815,1,0.872118546,0.86151068,0.804604631,0.753762885,0.788959307,0.949228649,0.520491092,0.405889713,0.570720258,0.811613592,0.538772946,0.869421187,1
08-NC1,0.857921424,0.8715052,0.894526291,0.819321529,0.730419377,0.82266444,0.774131664,0.928558646,0.89898137,0.909341801,0.919326572,0.814071749,0.880589586,1,0.861558412,0.900256952,0.88377579,0.798095328,1,0.875136224,0.764545793,0.976349433,0.907655109,1,1,1,0.84310426,0.778575695,1,0.901741363,0.977618499,0.728531463,0.880940117,1,1,1,1,0.771101977,0.904902391,0.853143369,0.788094689,1,0.93002459,0.99449333,0.93691916,1
05-NC2,1,1,1,1,1,1,1,0.918965601,1,0.933860914,1,1,0.995862447,0.996627784,1,1,0.945888332,1,1,1,1,1,1,1,1,0.962165489,0.93438019,0.967432781,1,0.969175809,0.986813803,1,1,1,1,1,1,1,1,0.968071786,0.939751689,0.862291367,1,1,1,1
04-NC3,0.992989258,1,1,0.983601503,0.887664541,1,0.893156143,1,1,0.921786072,0.850737503,0.99106931,0.916635088,1,0.999208948,1,0.997773313,1,0.962299901,0.986888748,0.934138145,0.85788261,1,0.795792582,0.906239052,0.924470723,1,1,1,0.979181769,0.937418247,1,1,1,0.983111894,0.962122546,0.958318932,1,1,1,1,1,1,1,1,0.902669462
07-NC4,0.996108007,0.927068865,0.917177431,1,1,1,1,0.8527967,0.972329744,0.834950499,0.909412993,0.929630392,0.88027009,0.850583839,1,0.958487421,0.994712248,1,0.921063441,0.953247258,0.943643261,0.890140856,1,0.99334285,0.95440912,1,1,0.960494645,1,1,1,1,1,1,0.95298261,0.963746455,1,0.986067566,0.965492725,1,1,0.967430585,0.986400599,1,0.980797786,0.877978335
06-NC5,1,1,0.892678681,1,1,1,1,0.893302979,0.889062259,1,0.999290952,0.920296933,1,1,1,1,1,1,1,1,1,0.958207467,1,0.985747897,0.977670326,1,0.980532026,1,0.999655983,0.971755525,0.995458909,1,1,1,1,0.994185416,0.998236053,1,1,1,0.798713791,1,1,1,1,0.985480499
03-NC6,1,1,1,0.813524872,0.875793864,0.82336911,0.929896126,1,1,1,1,1,1,1,1,1,1,1,0.888237935,1,1,0.876144497,1,0.883946483,0.996933958,0.985108823,1,1,0.990856869,1,1,0.933892774,1,0.974584267,0.950707275,0.973458486,0.960133152,1,1,1,1,0.98742116,1,0.936702536,1,0.874383098
02-NC7,0.951434155,1,1,1,1,1,1,1,1,1,1,1,1,1,0.850985028,1,1,0.957093074,1,1,1,1,0.868597735,1,0.992835107,1,0.972952809,1,0.856847148,0.97194872,1,1,1,0.916017436,0.960054215,0.9205363,1,0.935340817,0.953457125,0.920579324,0.936947915,1,0.896421398,0.923001354,0.966333493,1
01-NC8,0.69676601,1,1,0.937698543,1,1,0.924009391,0.959047657,0.917076917,0.941461004,1,1,1,1,0.507986492,0.771333944,0.86602321,0.730003282,0.973500627,0.779688229,0.838351263,0.917660286,0.713142774,1,0.815872636,1,0.926424252,0.93579694,0.789077901,0.958517819,0.987474362,0.962156624,0.792355452,0.717316913,0.861984516,0.888335641,0.907356848,0.836058821,0.743077773,0.957921272,1,1,0.813091557,0.693790848,0.808528149,0.890916567
84-Nfs1,0.216249027,0.044732106,0.044635393,0.01182273,0.000682827,0.001820872,0.012580452,0.021992581,0.013858759,0.03470447,0.022199472,0.030356462,0.022717797,0.036616279,0.088667588,0.343668812,0.019017811,0.222431959,0.275611069,0.274223172,0.319302816,0.190702664,0.349297029,0.371462492,0.489640643,0.126621467,0.110445474,0.010551832,0.178455373,0.169099766,0.058679558,0.005911106,0.22155522,0.337607946,0.388133572,0.286259811,0.345484984,0.26942424,0.163803129,0.097318798,0.016615597,0.039914682,0.194185009,0.161098908,0.150721308,0.187257474
40-Nsun2,0.983413784,0.441860782,0.342224053,0.122121646,0.071395721,0.086428576,0.264773665,0.383886262,0.291396219,0.223990611,0.263224125,0.314316871,0.586732682,0.332460327,0.991078104,0.884444326,0.271284403,0.881027717,0.938179907,0.859342581,0.936962646,1,0.936292736,1,1,0.850664384,0.784766833,0.493156671,0.964862897,0.714683569,0.358361231,0.181866012,0.769610487,0.920380152,0.948234576,1,0.979764426,0.973650062,0.722305853,0.632725355,0.630405632,0.298719252,0.918754469,0.63620184,0.710969471,1
57-Nsun4,0.417061915,0.200232881,0.208495784,0.00620759,0.012846299,0.01952088,0.039410031,0.157265985,0.102604094,0.119831926,0.099518923,0.114285009,0.148639006,0.189649819,0.2267548,0.565697371,0.133176444,0.840894064,0.836806749,0.508335575,0.993545314,1,0.917644876,0.845161767,0.810565349,0.762050016,0.297932368,0.040021325,0.463492605,0.609762186,0.186136581,0.036843126,0.763424995,0.751631648,0.809648834,0.763767883,0.824938355,0.827678243,0.557514386,0.244131183,0.037191774,0.127858549,0.828937987,0.422829677,0.606191623,0.962310616
79-Osgep,0.052838684,0.011895141,0.029976665,0.004414952,0.000994777,0.000758643,0.005703067,0.01083608,0.007050751,0.017745581,0.009491908,0.012553474,0.004270889,0.021918153,0.032677725,0.115936098,0.01514938,0.236332803,0.207404352,0.150126426,0.725849812,0.215858558,0.19914634,0.271414696,0.322171101,0.087039834,0.076740566,0.003379739,0.108952773,0.139010244,0.03515743,0.003034573,0.214571264,0.341069019,0.346587978,0.331847505,0.165671179,0.249996517,0.115392403,0.064424791,0.003134867,0.029073287,0.139427773,0.113002053,0.127561734,0.263322465
82-Polr2a,0.091950844,0.040508055,0.042907042,0.002136257,0.00095848,0.001601366,0.005345382,0.024019493,0.017502407,0.033841373,0.032793735,0.020275159,0.058049469,0.041386469,0.077328941,0.163609462,0.0335113,0.314909496,0.377650109,0.216913177,0.251915101,0.589595188,0.228368291,0.537231949,0.540700888,0.133913714,0.161315234,0.009151186,0.268724486,0.268597539,0.058592286,0.002356411,0.301735638,0.248959319,0.574528686,0.733973312,0.311088733,0.351820317,0.203745707,0.139322532,0.013447205,0.05325159,0.209440623,0.17848777,0.208286525,0.742187936
13-Pus10,0.722244854,1,1,0.437679123,0.493063856,0.380369146,0.444309824,0.78408804,1,0.980412625,1,1,0.984274278,0.8802405,0.679263587,0.766772219,0.707890861,0.84740337,0.966906979,0.665874033,1,1,0.907560308,1,0.984562636,1,0.650812366,0.507942672,1,0.996988634,1,0.335410608,0.766540266,0.828461054,1,1,1,0.715649799,0.624480886,0.529713985,0.560009933,0.983684811,0.910457854,0.740308031,0.7900867,1
46-Pus3,0.517204625,0.196504257,0.170672921,0.122152809,0.075917016,0.078691222,0.13685305,0.157631229,0.060021258,0.112769878,0.122054144,0.081161595,0.17115945,0.134547408,0.478467079,0.505673847,0.087774187,0.669352538,1,0.651939564,0.651633086,0.96646161,0.636722351,1,0.840074479,1,0.726880471,0.618827535,0.737593116,0.590228211,0.132320444,0.100017304,0.626951627,0.557207891,0.958142013,0.764326134,0.996452991,0.690983978,0.414981082,0.827561115,1,0.103361252,0.706602572,0.465229108,0.496120558,0.894548594
39-Pus7,0.648635079,0.358525375,0.662685997,0.100469851,0.071861981,0.039630666,0.427416474,0.518211943,0.238055914,0.315739239,0.221828314,0.274022233,0.256679883,0.551614893,0.57065624,0.799926781,0.304347474,1,0.89352138,0.836370959,0.838093084,0.887332854,1,0.880893484,0.795472191,0.862986287,0.740117472,0.655019102,0.931659457,0.715854896,0.326636674,0.281988823,0.949823912,0.814751844,0.926021315,0.896791523,0.937879757,0.979948866,0.975828904,0.669226842,0.681057235,0.269798546,0.897016999,0.683315973,0.87734583,0.88434095
27-Qtrt1,0.734909685,0.578214183,0.705376265,0.030468913,0.085266638,0.040907419,0.095727511,0.776027707,0.752398568,0.637939768,0.556531775,0.737794452,0.720985434,0.706947071,0.661075533,0.721888594,0.623928525,1,0.923517614,0.713583661,0.944274686,0.99229041,1,0.950152623,0.921325784,1,0.657215697,0.545350358,0.928003667,0.938756585,0.764705901,0.061658186,1,1,0.912067341,0.946589684,0.946930054,0.835176509,0.854204219,0.689812216,0.444699277,0.65432103,0.975109579,0.735143652,0.866976334,1
28-Qtrt2,0.549094039,0.736114036,1,0.150151951,0.111523764,0.147715322,0.125789403,1,0.975630209,0.919927348,0.806989348,0.963231542,1,1,0.465661117,0.628191007,0.761463641,0.673951316,1,0.65699156,0.692344186,0.779416988,0.687309414,1,0.817870534,1,0.597893369,0.58316818,0.775440465,0.870486095,0.848992843,0.132157943,0.813084539,0.569498745,0.870639467,0.830421988,0.821263762,0.662598666,0.599582871,0.698820239,0.764122089,1,0.628916977,0.580479321,0.654865715,0.96620923
52-Rnmt,0.511857446,0.255909923,0.276183575,0.032660998,0.005753779,0.002930718,0.04197965,0.256675214,0.170763202,0.211426097,0.212481665,0.173827763,0.227279707,0.272660098,0.371033716,0.684942352,0.225741041,0.87414591,0.96063051,0.682775019,1,1,0.824325746,1,1,0.596918876,0.476865861,0.302791539,0.556458609,0.60213169,0.262294327,0.031396683,0.69543843,0.859109182,1,1,0.89867939,0.713694563,0.591196496,0.503882727,0.408272868,0.291755532,0.818472618,0.439900577,0.515877472,1
63-Rpusd4,0.575014631,0.207872298,0.262687765,0.064778043,0.060170456,0.036313104,0.083812044,0.233747801,0.216537549,0.211429101,0.230059036,0.259001367,0.267499552,0.272867589,0.443384882,0.678680191,0.191272079,0.468751431,0.863225171,0.56755085,1,0.849163383,0.634374358,0.999970101,1,0.593627706,0.340790197,0.156318085,0.349565658,0.473634518,0.28519085,0.062055223,0.588521984,0.700019717,0.873373953,0.687342905,1,0.551916979,0.487577511,0.290973833,0.147299026,0.202119012,0.829494376,0.422937701,0.462154173,0.829466
48-Snu13,0.515274096,0.222770738,0.225856305,0.255623586,0.261131713,0.274794476,0.317082497,0.172066888,0.172998596,0.204540827,0.177748585,0.20766646,0.259647676,0.207476789,0.577951333,0.586267755,0.152999288,0.512147075,0.785798535,0.757520078,1,1,0.334996189,1,1,0.441827036,0.567404493,0.40930417,0.986951136,0.513957657,0.251664289,0.257833379,0.555282525,0.4179198,1,1,0.726756061,0.569850601,0.630821498,0.44151612,0.310704448,0.213869664,0.487629182,0.380042269,0.444520224,1
60-Tfb1m,0.307261859,0.155915106,0.135289167,0.005151633,0.017736192,0.010107459,0.037730222,0.084692765,0.040009966,0.111978667,0.070656912,0.07264014,0.081681435,0.107200976,0.225726189,0.474609231,0.082000804,0.414647286,1,0.475518475,0.851032829,0.992302447,0.602945635,1,0.866773266,0.761483422,0.225915375,0.075370009,0.406312947,0.542559176,0.116005832,0.036710156,0.560511211,0.529488696,0.868436279,0.792667962,0.773444968,0.485697054,0.397626809,0.196881899,0.081377213,0.133960334,0.583688421,0.324811212,0.361341201,1
80-Tgs1,0.207862545,0.209473093,0.15758996,0.070093721,0.024943513,0.065325559,0.042654006,0.112535757,0.110591055,0.154716566,0.153536135,0.123917856,0.147701892,0.147648047,0.193786319,0.235462332,0.14076825,0.377772564,0.344967143,0.258577521,0.531217016,0.452509732,0.473762788,0.384851994,0.479642702,0.287467743,0.260621762,0.092572517,0.392210844,0.310747413,0.183880521,0.031619725,0.404411375,0.426706773,0.446085156,0.40582148,0.333310196,0.384832771,0.260689212,0.176537236,0.115851088,0.159857202,0.422513293,0.201707384,0.299513623,0.470308
86-Thg1l,0.080237205,0.001887045,0.017555171,0.003496694,0.000648282,0,0.007786013,0.005858034,0.004223351,0.015492472,0.009076276,0.007919626,0.00160358,0.012606502,0.023515229,0.198632707,0.010078616,0.212633787,0.218738532,0.155028752,0.261292392,0.09477051,0.211565144,0.225080852,0.254659904,0.058566447,0.068987116,0.002669172,0.078990936,0.10551915,0.028728029,0.002185434,0.228555509,0.282630039,0.343483239,0.217517714,0.311367316,0.261528355,0.124819297,0.055457485,0.002856738,0.022622664,0.127040544,0.171887313,0.099031559,0.1172601
37-Thumpd1,0.609190107,0.45621098,0.261331043,0.424889294,0.275628215,0.33813549,0.383168513,0.259373493,0.244656475,0.32391068,0.425868246,0.268729116,0.360913866,0.207346547,0.562323767,0.709375562,0.250408193,0.811782409,0.860751459,0.754180551,1,1,0.758617957,1,0.838737368,1,0.632952203,0.511776129,0.791107496,0.745646654,0.376756108,0.345396561,0.77129008,0.782930165,0.808872778,0.98472238,0.84460611,0.75569981,0.599536055,0.602239414,0.51150098,0.308001108,0.676466997,0.536106594,0.717916062,1
70-Tprkb,0.299974772,0.111537937,0.102119719,0.042495676,0.014082577,0.023934403,0.016720315,0.070293221,0.07144136,0.086827956,0.050711366,0.078871694,0.104478703,0.064387041,0.209007473,0.492294086,0.068875097,0.5916034,0.509234773,0.464452823,1,1,0.621144567,0.672632131,0.676291838,0.285208183,0.253528676,0.110635274,0.330498502,0.317944019,0.108246896,0.021727419,0.471576435,0.496837008,0.595376688,0.615268604,0.66075422,0.545581552,0.304548539,0.213261607,0.12409446,0.085654014,0.316751446,0.270884143,0.304112159,1
15-Trdmt1,0.762025723,0.961575857,0.758242574,0.576908019,0.410231982,0.497592729,0.490932494,0.666339405,0.77327798,0.575570865,0.75121116,0.817939621,0.785099668,0.695655941,0.68646096,0.695868131,0.510306688,0.810102815,0.981181813,0.668439039,1,1,0.816313593,1,1,1,0.624231871,0.534761693,0.955118869,0.789382183,0.734045735,0.38961039,0.93713801,0.796670608,0.947394731,0.921137976,1,0.686853845,0.635125897,0.574703811,0.726597239,0.606042793,0.765504807,0.557586428,0.786190096,1
61-Trit1,0.452791323,0.030476981,0.075991997,0.004518245,0.007616087,0.004698438,0.025794182,0.039894718,0.01728377,0.06226309,0.015312984,0.029083516,0.034615682,0.066717133,0.33186655,0.498992875,0.034149592,0.396821266,0.840553517,0.451366294,0.791724699,0.893027608,0.587107259,0.918858897,0.80665715,0.699636993,0.206413205,0.01476015,0.265756337,0.445735727,0.067001951,0.016971059,0.525009849,0.552832014,0.784192446,0.651067543,0.706505622,0.57924147,0.417595551,0.166581305,0.012342577,0.060923113,0.588943411,0.282685751,0.43209582,0.887391482
11-Trmo,0.950393474,0.741862862,0.961473799,0.722414485,0.530641245,0.68712047,0.652775186,0.944482633,0.946821275,0.822721154,0.777295312,0.95606306,0.789140017,0.848436431,1,0.957257337,0.730999108,1,0.989550374,0.971501727,1,1,1,1,1,1,1,0.727478196,1,0.974554152,0.828404759,0.628178233,1,1,0.969900153,0.998473562,1,1,0.975925103,0.707500784,0.751045643,0.798934786,1,0.791364367,0.94991752,1
32-Trmt10a,0.672146094,0.486160528,0.408078975,0.202895884,0.161954219,0.104624483,0.311905354,0.448710299,0.269945685,0.304459354,0.291711092,0.276706105,0.593492436,0.532546991,0.507762113,0.673020909,0.289849139,0.621705552,1,0.611118765,0.744532437,0.934590671,0.589685824,1,0.956728968,1,0.545388269,0.45420429,0.621774383,0.573904341,0.293424429,0.312863165,0.763480464,0.673042427,1,0.87832789,0.851432816,0.719830086,0.629300045,0.51804841,0.392766026,0.296458771,0.709050693,0.442073465,0.571012998,0.978021467
25-Trmt10b,0.863859146,0.731047107,0.797714862,0.242441831,0.237856236,0.157764454,0.290274535,0.736264524,0.727912014,0.714731702,0.738748465,0.638829117,0.718410289,0.901896717,0.855659505,0.901368302,0.692608235,1,0.993923795,0.824465655,1,0.925358764,1,0.999442698,1,1,0.805402623,0.686001761,1,0.979582067,0.738492631,0.283639833,1,1,1,1,1,1,0.97896399,0.737997454,0.658045159,0.990283094,1,0.750944094,1,0.991055752
64-Trmt10c,0.370622517,0.244021056,0.221583696,0.035526933,0.057337341,0.047778741,0.077133495,0.192367437,0.143302711,0.157773757,0.1438204,0.164872193,0.183425228,0.172220906,0.176183278,0.635327686,0.177501972,0.575559163,0.831627239,0.495224746,0.942789431,0.560271392,0.739719388,0.904875034,0.867661238,0.433022787,0.260339328,0.078574384,0.345778521,0.492670586,0.195278167,0.066019134,0.571096286,0.663315285,0.78835432,0.651828684,0.830009493,0.616173234,0.514565117,0.235929974,0.10246184,0.146487905,0.773459115,0.373062367,0.379674211,0.574184906
73-Trmt112,0.250582235,0.048090764,0.064153776,0.00406543,0.000818247,0.000409123,0.020342831,0.118773364,0.029589378,0.049654892,0.025923551,0.052169747,0.020441537,0.083447232,0.088443718,0.458713842,0.030479652,0.602100453,0.787569578,0.373777499,1,0.931471673,0.471390166,0.780385374,0.783980233,0.280552969,0.194280782,0.037804146,0.225481957,0.219978394,0.075660729,0.005850091,0.559528448,0.530195973,0.747461744,0.722873866,0.625524233,0.377608902,0.335109756,0.16760081,0.030352377,0.06961073,0.299118696,0.285205179,0.348929193,0.904850529
34-Trmt5,0.592550349,0.433418834,0.350550887,0.069612868,0.213999107,0.079369797,0.228969338,0.268341295,0.363789684,0.328706851,0.349681229,0.347161188,0.412815149,0.327466502,0.66965086,0.604149631,0.275487824,0.920581853,0.766570569,0.614716933,0.652179677,0.905295362,0.962812965,1,0.821981012,0.850479783,0.57169343,0.28242649,1,0.84775204,0.419779682,0.117172493,0.904240634,0.804451368,0.817685103,0.951911361,0.866764524,0.738055698,0.575979096,0.471353175,0.356654446,0.337108486,0.900890564,0.528756166,0.790793206,0.847193359
77-Trmt6,0.280599194,0.030670477,0.107183972,0.004379224,0.000608865,0,0.013200912,0.047950182,0.02104742,0.054576114,0.029009308,0.028992398,0.063724841,0.070958935,0.195361972,0.434400474,0.029687381,0.24409606,0.416960761,0.388220082,0.728133175,0.316218964,0.39657322,0.390996178,0.416356604,0.206451241,0.134863768,0.021526311,0.250914076,0.226278777,0.065189769,0.004633108,0.338467981,0.41432523,0.413855386,0.378666548,0.363657515,0.268844007,0.214904668,0.154244051,0.053269602,0.062203864,0.285823107,0.226428979,0.155430743,0.338746002
69-Trmt61a,0.228204206,0.045148244,0.035656443,0.006999715,0.00076864,0.001281066,0.014914917,0.010263689,0.006148908,0.04342032,0.011394267,0.015957572,0.0084078,0.029351252,0.11463212,0.388405291,0.013484757,0.217008922,0.775500423,0.298246406,0.781855753,0.847407886,0.331974542,0.898286507,0.667286015,0.199958412,0.112416799,0.010827092,0.21071279,0.222280184,0.043702885,0.00698872,0.243927103,0.342569927,0.621947616,0.702976498,0.532318655,0.201430357,0.160034345,0.088998702,0.009632124,0.034572247,0.191359833,0.232512819,0.134354565,0.865680379
10-Trmt61b,0.926483478,1,1,0.542053914,0.435363638,0.544713523,0.468127817,0.716656488,1,0.825397885,1,1,0.862887901,1,0.725554053,0.997065446,0.850929113,1,0.889557391,0.959154977,1,1,1,1,1,1,0.91159708,0.841014232,0.976631277,1,0.982912739,0.506318269,1,0.985136057,0.924808977,0.98530735,0.947606533,0.98517046,1,0.784361567,0.75649061,1,0.861570356,0.692534425,0.973322782,1
62-Trmu,0.51676437,0.046448122,0.032186709,0.007168205,0.002174042,0.005632931,0.018730685,0.012163458,0.008702847,0.037982452,0.018215622,0.013685108,0.024758175,0.031458323,0.354129638,0.685893441,0.04534866,0.293260753,1,0.501476594,1,1,0.505925628,1,1,0.487126338,0.226137428,0.005971088,0.123852664,0.348317587,0.060334665,0.008742977,0.352483686,0.568401875,1,1,0.948479651,0.501666122,0.385689642,0.188387055,0.007889657,0.052497465,0.686080104,0.323608575,0.271729858,1
20-Trp53rka,0.843095909,0.657785933,0.662429147,0.290065584,0.183933237,0.299939992,0.209806809,0.686344242,0.518916793,0.61278522,0.533389798,0.613954564,0.646990749,0.685986229,0.689295841,0.852370357,0.64191614,1,0.770890974,0.772388079,0.763214166,0.569140196,1,0.716915571,0.67469339,0.868064602,0.780564162,0.615956344,0.945513506,0.907345404,0.623515288,0.21976079,1,0.86429712,0.756690124,0.77956571,0.703056002,1,0.942077709,0.771263803,0.656703035,0.569795625,0.861579894,0.861291253,1,0.62726199
47-Trp53rkb,0.497826877,0.311208798,0.335382118,0.340704955,0.32564073,0.305490324,0.301464104,0.331425714,0.234433202,0.298901695,0.262057916,0.23738162,0.308456988,0.389183714,0.48046017,0.58210633,0.253648552,0.471017954,1,0.576785844,0.737849334,0.785817907,0.4830071,1,0.926326664,0.416961674,0.520439588,0.517231105,0.840885298,0.532904663,0.327789725,0.338865345,0.530367379,0.483204011,1,1,0.852523679,0.526948016,0.620634314,0.512347531,0.380359117,0.326313647,0.494672332,0.548977317,0.481743051,1
72-Txn1,0.261458928,0.022247179,0.06763178,0.008719544,0.001591101,0.003185914,0.019615892,0.151432102,0.031331511,0.058273471,0.014848028,0.059356925,0.01127176,0.084056212,0.103159,0.456371047,0.023397347,0.742707024,0.79550915,0.382265993,1,0.998619234,0.470491191,0.870819741,0.848562422,0.265953089,0.191279256,0.009488063,0.312350651,0.207936792,0.055900265,0.007615046,0.496030557,0.479477598,0.782529511,0.701300654,0.647071659,0.386634967,0.316976676,0.159325737,0.013935739,0.04047121,0.427680784,0.266033896,0.281326732,0.936185514
35-Tyw5,0.750338391,0.528090246,0.598125761,0.28979628,0.315724617,0.319625766,0.340928224,0.564630917,0.358661163,0.470666558,0.529032543,0.39834617,0.516121726,0.599764695,0.56227233,0.807651823,0.520310466,0.659819523,0.991922895,0.618254019,0.794160139,0.863548892,0.72065997,1,1,0.859423156,0.616926251,0.472988067,0.9630381,0.728525632,0.661016938,0.318047999,0.642125634,0.680486641,1,1,0.800602237,0.574770849,0.756173436,0.595365235,0.469306309,0.625247844,0.750130375,0.559214033,0.665323481,0.983601091
45-Urm1,0.377912928,0.093298109,0.537774979,0.005696166,0.000932965,0.001243652,0.026157471,0.316888596,0.02827903,0.08662061,0.0619977,0.053665451,0.058370883,0.334731561,0.368985536,0.465229179,0.047712343,0.617616196,1,0.505598851,0.660179907,0.999158783,0.592593355,1,0.885854427,0.913099963,0.48809413,0.259793311,0.626753558,0.53265291,0.100770842,0.009838442,0.587274685,0.559060193,0.841745252,0.844897895,0.713788856,0.573926055,0.400542833,0.693238469,0.617545659,0.106759568,0.56801789,0.346323348,0.408981949,0.994571744
76-Wdr4,0.556659096,0.1263572,0.149870664,0.029722173,0.001368613,0.01293916,0.040427277,0.121357204,0.068480578,0.081366518,0.069014883,0.098206163,0.08919763,0.11537903,0.450103507,0.616670636,0.075120192,0.237614626,0.350402105,0.527343039,0.945646816,0.343305591,0.348203108,0.356634627,0.386763701,0.182351224,0.177193956,0.067767912,0.178024957,0.221809493,0.099378896,0.020066407,0.321914781,0.413689455,0.496089194,0.396394096,0.484932016,0.29627811,0.226272315,0.171772188,0.089029604,0.087309166,0.209969699,0.226919675,0.288202078,0.367235164
67-Ythdc1-1,0.341445242,0.108056989,0.07635942,0.029651509,0.023446719,0.020571449,0.029496658,0.062684625,0.075980662,0.062579868,0.053193339,0.060455888,0.087599121,0.084543557,0.357261672,0.375722823,0.063870818,0.333676365,0.670799842,0.539044397,0.479319427,0.732544733,0.486451696,0.598707861,0.666863401,0.225980441,0.359707717,0.321451514,0.194637717,0.322291893,0.090736811,0.014886731,0.505440168,0.42943552,0.593710582,0.505872257,0.547916235,0.479660727,0.345018102,0.364205833,0.378868129,0.09150705,0.483070922,0.373484731,0.266352224,0.763660873
66-Ythdc1-2,0.244173246,0.093111769,0.200181723,0.014217905,0.025995291,0.025941087,0.032400972,0.21394139,0.078978594,0.086365859,0.080828662,0.109352625,0.087807861,0.186512805,0.225952829,0.283863011,0.078375625,0.240343342,0.694789989,0.389939206,0.294876152,0.689316028,0.39233453,0.804919593,0.632331032,0.237470747,0.413090974,0.322966898,0.245991044,0.302968457,0.11648247,0.018444513,0.359412982,0.349302043,0.548907208,0.537810896,0.56600319,0.309721675,0.232159397,0.521874483,0.612674307,0.103257126,0.379312998,0.296531602,0.20471879,0.733125595
18-Ythdf1-1,0.640613156,0.444710526,0.595545245,0.511636707,0.606419971,0.707473521,0.874834864,0.604587497,0.342660884,0.386209185,0.485683121,0.381799568,0.476966356,0.511765914,0.494995386,0.723765908,0.404598101,0.956322774,1,0.647738611,1,1,0.925055215,1,1,0.987956508,0.59660661,0.412733497,1,0.800146708,0.523976656,0.828578906,0.935216074,0.9985106,1,1,1,0.685922196,0.769838351,0.548985432,0.376069212,0.499012862,0.877075942,0.608652891,0.90419446,1
17-Ythdf1-2,0.76204156,0.699415219,0.566123227,1,1,1,1,0.708430272,0.414480479,0.544453151,0.585209925,0.482672704,0.634070504,0.558765622,0.583466055,0.836949061,0.629862395,1,1,0.763463179,1,1,1,1,1,0.953620256,0.707516545,0.54207362,1,0.959783925,0.634793554,1,1,1,1,0.919154452,1,0.917181173,0.977305428,0.593993111,0.502561898,0.79583126,1,0.687599214,1,1
