Name,Brain stem,CD4 effector/memory,CD4 naive,CD8 central memory,CD8 effector/memory,CD8 naive,Cerebellum(central part),Cerebellum(flocculus),Cerebral cortex,Crude tail,Ear lobe,Eyeball,Heart,Hippocampal formation,Hypothalamus,Kidney,LN,LN NK,LN Treg,Large intestine(basal layer),Large intestine(epithelium),Leptotene/Zygotene,Liver,Lung,Meiosis II,Muscle,NK,Olfactory bulb,Optic nerve,Pachytene/Diplotene,Round spermatid,Salivary gland,Skin,Small intestine(basal layer),Small intestine(epithelium),Spermatogonia,Spleen,Tail epidermis,Tail skin dermis,Thyroid,Tongue,Treg,Whole blood,bFat,mFat,pFat
Adat1,0.785202747,0.712170168,0.643874015,0.640322815,0.655443296,0.632200523,0.766531544,0.707372094,0.783692126,0.79168568,0.876232538,0.798695111,1.120399081,0.743341705,0.811404408,0.951819105,0.732764961,0.731608873,0.800631067,0.910698264,0.791837653,0.85772704,0.978217311,0.964777265,1.225643415,0.911182433,0.618929218,0.797743904,0.863851307,0.790018323,1.171066843,0.921684546,0.922065378,0.847148794,0.840257192,0.871436086,0.692912466,0.915941346,0.871632559,0.877570048,0.85566465,0.831650298,0.642754232,1.138239693,0.998690168,1.030852554
Adat2,0.900939557,0.184543413,0.114913494,0.199236397,0.127056743,0.165009672,1.212594152,1.197870728,0.887358936,0.727033629,0.767973029,0.941046296,0.77479445,0.931843356,0.960366892,0.71261565,0.216497577,0.157925412,0.279283102,0.44192199,0.26662608,0.326816131,0.614924427,0.462737855,0.320032538,0.787709452,0.109038043,0.929490272,0.762182553,0.270870706,0.212615119,0.714685054,0.628447724,0.437249487,0.281675502,0.318114403,0.140418449,0.531170513,0.835490986,0.672769259,0.478183905,0.208721059,0.151547454,0.777880907,0.643517612,0.538108516
Adat3,0.675745192,0.031360908,0.010790277,0.031020535,0.017041971,0.014030193,1.003125458,0.949816502,0.765161927,0.322500707,0.430784786,1.132065087,0.461198814,0.672414596,0.651358919,0.293831401,0.063414661,0.009426507,0.053822536,0.249913009,0.106981293,0.061574896,0.171734035,0.199007198,0.032228308,0.479578739,0.01185863,0.554792851,0.546604951,0.040044207,0,0.34658206,0.229150214,0.195951998,0.109922805,0.09398908,0.055604224,0.147702727,0.559851361,0.3670137,0.234345157,0.02544883,0.043038317,0.448374809,0.447302377,0.271406249
Alkbh3-1,0.899950026,0.474925231,0.344637852,0.427786447,0.486305772,0.358336247,0.923968903,0.719240797,1.139884197,0.51836228,0.64270287,0.614279229,0.619405909,1.18549569,0.752004455,1.460237009,0.461955464,0.501620606,0.422995149,0.517138751,0.582049023,0.210254332,0.660727587,0.74824068,0.242970945,0.555412323,0.617202934,0.895375275,0.859797171,0.256521232,0.23378714,0.694016608,0.54279013,0.610378075,0.553358881,0.229590534,0.530429457,0.386103316,0.547189372,0.628618418,0.486394707,0.454197893,0.368983186,0.651572478,0.691250468,0.588073092
Alkbh3-2,0.890433207,0.637471455,0.55731331,0.606151254,0.53964535,0.547088362,0.87157793,0.859756305,0.939819298,0.777820378,0.769903307,0.960436489,0.977223865,0.845784506,0.941661572,0.901872627,0.667634947,0.71147079,0.606386355,0.779005009,0.578438857,0.118957374,0.89454122,0.902022703,0.147224908,0.922297933,0.607511569,0.950633932,0.820347422,0.036828823,0.06666357,0.923939733,0.950465934,0.637815219,0.679933023,0.079124657,0.634799939,0.738471135,0.862305954,0.961239886,0.680095908,0.624249361,0.557502321,1.018046381,0.988473354,0.87458856
Alkbh3-3,1.034431721,0.602685514,0.598188498,0.626395368,0.692585439,0.611528477,1.015200872,0.967256424,0.948098482,0.732183094,0.766859408,0.765775651,0.996033981,1.148344719,0.955243698,1.012126368,0.707933867,0.676810762,0.651182126,0.703038184,0.60203502,0.27059387,0.982476301,0.920064036,0.504177015,1.018258765,0.62360409,1.181656181,1.042610549,0.233412218,0.433265145,0.808853246,0.886110405,0.699507198,0.568491705,0.289572789,0.652512231,0.640886402,0.820308461,0.936744225,0.794412175,0.759217758,0.54817066,0.975018235,0.847035677,0.819861334
Alkbh5,0.827245797,0.692955071,0.537475322,0.511676191,0.469111688,0.558632763,0.859146444,0.883858008,0.885434431,0.549198917,0.589148823,0.898238297,0.701213655,0.876558696,0.803929981,0.919163396,0.504435968,0.389865992,0.814896546,0.526997524,0.470413586,0.026367438,0.49395562,0.734494652,0.019393839,0.715799318,0.422807038,0.858419641,0.655764174,0.013931682,0.019481187,0.886170376,0.744538331,0.514278062,0.395309844,0.039523212,0.511711864,0.483028744,0.612978042,0.657127288,0.5490322,0.798691355,0.416248906,0.748806705,0.909959065,0.725286677
Alkbh8,0.820733156,0.856394825,0.83861064,0.699117971,0.669897124,0.93344376,0.791203293,0.815436714,0.847469154,0.616308119,0.585148874,0.895646801,0.826233301,0.906823326,0.946806186,0.783645317,0.745373429,0.74602915,0.93120368,0.709310025,0.462210686,0.557244174,0.726583739,0.85195827,0.587477856,0.758543557,0.843743038,0.821261337,0.769959863,0.594173266,0.508799339,0.732702728,0.641886799,0.605069806,0.697614581,0.684433802,1.104182687,0.580370508,0.607966034,0.840423392,0.550123177,0.849936983,0.615729065,0.880818454,0.921225747,0.750637821
Bcdin3d,0.821293754,0.625731799,0.501162335,0.564550382,0.511184852,0.485151453,0.700845898,0.631088059,0.865069183,0.68287981,0.611751291,0.785875032,0.91492277,0.793070282,0.856890566,0.883578741,0.586467214,0.711873797,0.861142341,0.769228678,0.639797834,0.620718876,0.814331123,0.779668966,0.449550581,0.747777446,0.61024699,0.789951148,0.759915246,0.700765734,0.502743234,0.872787246,0.728728679,0.774213907,0.708700711,0.690960132,0.520127047,0.751474361,0.678914816,0.80971886,0.648775427,0.718496123,0.484542816,0.83154039,0.866038699,0.861309227
Bud23,0.491299593,0.065964307,0.073458985,0.087285412,0.078840347,0.073808484,0.209285173,0.202663278,0.55073103,0.169520706,0.294976389,0.823902686,0.339811628,0.530167072,0.478795425,0.122897364,0.102267528,0.122295759,0.103001605,0.170249183,0.057260769,0.007000713,0.146939312,0.159503422,0.00314344,0.331245245,0.10701913,0.336290816,0.366227697,0.001904632,0.0009075,0.264456816,0.200757583,0.121740339,0.064122266,0.011342977,0.078662257,0.074233557,0.262831233,0.214754701,0.173935657,0.107750422,0.08371953,0.204521023,0.259653274,0.151888423
Cdkal1,0.930602124,0.520370243,0.45499343,0.462326271,0.421739104,0.574312426,0.858654986,0.822045499,0.910004753,0.721472685,0.629915598,0.91044281,0.955796642,0.895813069,0.88821768,0.912277499,0.556065722,0.561031842,0.666533196,0.671986923,0.523320961,0.40266728,0.967154431,0.783957824,0.402384186,0.808395273,0.499524953,0.875118613,0.953294358,0.326300151,0.329721333,0.800523687,0.766607532,0.695669022,0.564650292,0.408459057,0.553387085,0.702394732,0.731768444,0.860413035,0.625805042,0.455942601,0.48727624,0.936357233,0.963664097,0.810333367
Cmtr1,0.699595479,0.050857974,0.007737025,0.053036363,0.027808561,0.013887781,0.824605951,0.813115817,0.759832335,0.234469121,0.319615849,0.853805844,0.438496117,0.843394522,0.73915727,0.553989801,0.061806146,0.035272666,0.042705892,0.228907029,0.03322855,0.008343763,0.232096845,0.40419276,0.002601262,0.494228805,0.02771754,0.765477613,0.493216013,0.001865019,0.002503129,0.572821946,0.295011542,0.317112519,0.167383422,0.015687393,0.052052763,0.106698457,0.339868576,0.544863962,0.252162335,0.031060247,0.040345609,0.455246839,0.376488523,0.35260708
Cmtr2,1.091903404,0.203030996,0.170794575,0.20893405,0.119869377,0.155845437,1.28602632,1.193968712,1.023546017,0.543881775,0.647127884,0.869974643,0.906709698,1.165765832,1.140264309,0.75133777,0.23976088,0.173110398,0.218329184,0.448330423,0.09757824,0.039174803,0.781355724,0.630375726,0.056139731,0.943339631,0.182263304,1.193544709,0.835978385,0.029324143,0.019572446,0.655779816,0.556060087,0.34776371,0.157744302,0.046019901,0.158988896,0.335246567,0.780284434,0.762787647,0.46058198,0.203840938,0.127828814,0.971601435,0.674457456,0.75269853
Ctu1,0.782237144,0.484295546,0.031700158,0.100156786,0.074185139,0.058735968,0.884726442,0.951656221,0.900072058,0.321430408,0.495220336,0.855374705,0.856358248,0.836704014,0.715694696,0.496419091,0.115710835,0.094359195,0.613832669,0.58979837,0.350718722,0.048879657,0.18219625,0.406145052,0.059657765,0.887301939,0.044120941,0.685324655,0.745330028,0.042636393,0.038943136,0.742046168,0.487793789,0.825159257,0.73221578,0.058284221,0.072158688,0.129603226,0.532791978,0.674423437,0.400015904,0.396758267,0.063586217,0.796509857,0.680081487,0.482796734
Dcps,0.898570662,0.183786037,0.143495493,0.229967738,0.117672438,0.160465297,1.117320357,1.14616552,0.979140334,0.639091384,0.698133766,1.127893839,0.95226955,0.850848688,0.978844252,0.889525299,0.207154698,0.103725597,0.266290556,0.534341212,0.251174727,0.184870743,0.856487592,0.657232712,0.261479722,0.847246638,0.071933607,0.894713815,0.741135717,0.156154051,0.187011293,0.971556103,0.690972495,0.368463304,0.262233859,0.221064111,0.200785264,0.538849905,0.787187396,0.852844183,0.435641625,0.206590914,0.121959518,1.004839004,0.785747683,0.636560874
Dimt1,0.802900753,0.093074105,0.078538789,0.120209585,0.139150501,0.083105036,1.009040503,1.036969191,0.865898274,0.34138555,0.550215072,0.956266136,0.758283294,0.980480377,0.880984408,0.612114344,0.175992608,0.181541352,0.121104477,0.321197313,0.080556944,0.040813648,0.506997648,0.582743165,0.005571692,0.653990926,0.201589845,0.902807469,0.821122295,0.027466708,0.061575775,0.708076,0.486534354,0.245177125,0.128496639,0.06332585,0.140832965,0.203061647,0.522833126,0.743513613,0.432802523,0.108202534,0.154346682,0.918173455,0.610447177,0.43301332
Elp1,0.672607141,0.258156901,0.016067277,0.073644604,0.035269928,0.035233317,0.673087854,0.71631077,0.746773573,0.213244381,0.397445864,0.838365706,0.812328063,0.730575541,0.632131639,0.619417083,0.095346566,0.077108815,0.298364295,0.812469823,0.430449773,0.809611534,0.287525259,0.415094985,0.256186641,0.655724701,0.036142811,0.498511736,0.649218655,0.533660305,0.021721561,0.649976017,0.40575804,1.095525764,1.107987214,0.482739287,0.058726006,0.119869811,0.382264543,0.564211187,0.342813913,0.180843814,0.038890933,0.835719757,0.592868628,0.480920831
Elp3,0.91725877,0.223988472,0.042919303,0.121954023,0.062323682,0.087041285,0.839931968,0.789334657,0.835916751,0.457079012,0.652771287,0.790532591,0.98439427,0.980737906,0.857234836,0.810489835,0.146748251,0.123804395,0.354924944,0.943245546,0.474671669,0.443123939,0.731256046,0.611795618,0.308215744,0.931507361,0.169316918,0.777497394,0.97362348,0.177839933,0.086634913,0.89320611,0.616768617,1.303023193,1.440422878,0.230730051,0.100581764,0.348800619,0.612185368,0.910880106,0.546965576,0.227168682,0.087467126,1.053838787,0.757914648,0.639121909
Fbl,0.800786097,0.153330327,0.085952031,0.101818211,0.079043919,0.105630263,1.017784677,0.939007071,0.829778926,0.302314696,0.374368677,0.790121043,0.423026207,1.142606802,0.904860815,0.288652648,0.124088111,0.101031819,0.20895766,0.241492156,0.089497435,0.031899001,0.374385822,0.301934397,0.070382268,0.350451958,0.078899352,0.826436442,0.543585827,0.035263459,0.054562438,0.365146148,0.279192644,0.168027461,0.091684336,0.041987807,0.107270925,0.208058695,0.400467975,0.295024925,0.234840534,0.140201356,0.084110815,0.354086271,0.330743691,0.260598829
Fto-1,0.461947187,0.231707001,0.101274495,0.373845416,0.301427763,0.09663299,0.493916,0.446710018,0.564748409,0.400997775,0.576597228,0.628102891,0.842194318,0.525145977,0.567917662,0.62819137,0.261292818,0.175247843,0.263049252,0.641542225,0.386133231,0.084985433,0.665452132,0.462408496,0.111151075,0.674753716,0.097883668,0.633547107,0.489220923,0.067687943,0.101105084,1.063180653,0.522889868,0.43991482,0.547499898,0.097157076,0.303228945,0.371231929,0.539806216,0.753609597,0.470879854,0.13225211,0.349528117,1.035165184,1.101578502,1.162926569
Fto-2,1.007655244,0.589540915,0.475876356,0.768147357,0.845980341,0.443103279,1.355301761,1.450652601,0.959984241,0.867313105,0.842115726,1.052271733,0.854377454,1.163877446,1.086423851,0.970736645,0.689688635,0.6159091,0.5797065,0.847475588,0.731537543,0.294920226,1.016606723,0.817676992,0.326494022,0.95576838,0.421144569,1.12537128,0.994321984,0.332070232,0.365882927,0.741460029,0.719933618,0.698360649,0.701300587,0.382862863,0.614454484,0.924735729,0.863071737,0.845344278,0.689156847,0.451038352,0.634646399,0.907361594,0.739722058,0.959778318
Ftsj1,1.291384133,1.160413642,1.11775893,1.190228027,1.116725456,1.125251134,1.425419768,1.272618685,1.180389766,0.879434123,0.876585022,1.079228367,0.880541762,1.309748188,1.232616385,1.095669856,1.355677028,1.102432427,1.48916521,0.694495659,0.535771922,0.325347875,0.967499564,1.060731626,0.260484862,0.940624958,1.159173529,1.34365095,1.260819392,0.367268347,0.285628981,0.698199799,0.892835732,0.704607441,0.655221875,0.379440337,1.200941472,0.937553781,0.954978473,0.798447627,0.925158359,1.364252018,1.100419315,0.831733281,0.788874423,0.86667313
Gon7-1,0.415175079,0.087182314,0.018888496,0.04178524,0.026559704,0.028518121,0.12846482,0.083923425,0.29406253,0.169229518,0.298565442,0.358801501,0.218547188,0.32466767,0.461276392,0.097806396,0.057803696,0.029953661,0.077926741,0.135108421,0.05136568,0.122092241,0.074905649,0.156963966,0.080343099,0.336060037,0.025654712,0.259234529,0.409693121,0.109712701,0.043623827,0.228843763,0.250153116,0.121939912,0.063879009,0.123855168,0.064659834,0.192563218,0.227378181,0.158391306,0.148140093,0.063869443,0.052982546,0.20412627,0.360217374,0.118319402
Gon7-2,0.937653891,0.681705584,0.760642443,0.644086085,0.658606712,0.806396407,1.173193413,1.224496246,0.924366777,0.606006078,0.642392397,1.104767725,0.744000744,1.075083263,0.989315281,1.086543887,0.676524165,0.798268743,0.774833803,0.608250074,0.490653537,0.034868953,0.814554033,0.859383968,0.072733799,0.762101808,0.81889413,0.935893456,0.954194593,0.009936829,0.048566279,0.656337791,0.659618698,0.591481206,0.501638786,0.050557522,0.697080755,0.519323754,0.663046091,0.807320001,0.601077296,0.67047011,0.550285655,0.839030961,0.906381104,0.762587896
Hsd17b10,0.546784386,0.011595771,0.004230066,0.014844322,0.005337388,0.008152482,0.649921223,0.600491132,0.663799832,0.225621858,0.306797945,0.685232295,0.488141905,0.750237271,0.584883101,0.448033019,0.034738505,0.007259125,0.037201119,0.160513202,0.007205829,0.007903913,0.208557383,0.378734928,0.00433197,0.396757399,0.00229977,0.618530634,0.60526629,0.001981964,0.003142791,0.410244876,0.247790712,0.114602971,0.004979718,0.018336701,0.028424597,0.105859542,0.363462545,0.506315212,0.236975285,0.019439109,0.016762243,0.452825581,0.409454394,0.271222952
Iscu,0.392487971,0.021990708,0.010627429,0.047271461,0.013739946,0.019794239,0.228959604,0.225503884,0.268346941,0.12380342,0.2086925,0.242673533,0.504575862,0.300170865,0.451787573,0.152189932,0.052194009,0.009383741,0.06004395,0.110341236,0.011695616,0.003036053,0.254792595,0.207418438,0.001036137,0.361095091,0.010991697,0.286172269,0.344752273,0.000692809,0,0.342892366,0.172731059,0.100513124,0.011317163,0.006055277,0.047045309,0.07295835,0.204278512,0.270211107,0.193969888,0.039917099,0.017293253,0.293398871,0.38779663,0.181139567
Lage3,0.833640218,0.195290494,0.264090935,0.209561232,0.122117265,0.231296072,0.824266784,0.735760781,0.845091028,0.676666877,0.735002972,0.71108499,0.896285346,0.898442765,0.855292682,0.849487501,0.225522243,0.336837641,0.240070152,0.603281418,0.391903258,0.386027258,0.739663176,0.626294113,0.372563448,0.848656048,0.422587961,0.951737516,0.760136573,0.452947422,0.465427944,0.805284345,0.820242127,0.489056154,0.439511375,0.428184164,0.220984963,0.60747714,0.795608428,0.735463303,0.630607564,0.290700302,0.250472069,0.893869451,0.718040705,0.711491898
Mepce,0.391880834,0.123820533,0.085212359,0.123176235,0.075321282,0.063589955,0.188293395,0.182344695,0.39650543,0.130423335,0.241632318,0.30328684,0.311472348,0.282212873,0.55986435,0.117118312,0.099800803,0.083304991,0.109893186,0.250616614,0.188440453,0.140071113,0.18098892,0.176919304,0.060836795,0.347570883,0.047945482,0.23497842,0.15591912,0.195025706,0.123384491,0.358562011,0.245791117,0.277987024,0.266954968,0.194280599,0.071639687,0.140391844,0.172505358,0.216505692,0.198199522,0.109584885,0.07990045,0.296209812,0.332678793,0.2069268
Mettl1,0.676219006,0.134993563,0.093825879,0.140657629,0.135641256,0.129531042,1.061272399,1.219955596,0.770683668,0.635883363,0.565120235,1.089084033,0.659350233,0.721820616,0.770677995,0.297895996,0.126320625,0.128640247,0.176526467,0.221000981,0.056296929,0.060897436,0.175723523,0.383162945,0.072067287,0.56694993,0.103136869,0.571028549,0.688837116,0.121530611,0.062845667,0.442320012,0.300410724,0.14087132,0.09147126,0.103345233,0.11478514,0.609571499,0.619460569,0.461293175,0.318583742,0.135804793,0.098592194,0.599047963,0.513792128,0.39196167
Mettl14,1.014035249,0.062793676,0.068196108,0.082844599,0.089947257,0.068618425,1.363885506,1.494436735,1.023223389,0.431300019,0.510597761,1.068843549,0.767070013,1.204270502,1.137854994,0.76493969,0.143971986,0.124684011,0.127512163,0.372655469,0.163103186,0.030232558,0.572642758,0.596485599,0.074333779,0.893056949,0.100579891,1.022480415,1.085645473,0.048536896,0.053788896,0.735339977,0.502211949,0.341592233,0.174486585,0.066861113,0.122973664,0.289813183,0.569480589,0.848881993,0.422888841,0.097501467,0.079220617,0.696848336,0.570492604,0.545784037
Mettl16,0.277568133,0.003415627,0.003795173,0.008872833,0.002458706,0.009414545,0.083950939,0.082233166,0.270372144,0.1895524,0.270710232,0.128746585,0.593769263,0.299258856,0.220540645,0.161913016,0.022220127,0.018145156,0.012983678,0.09871681,0.020290703,0.006418919,0.220804856,0.084690763,0.007966778,0.320208812,0.00733054,0.062419739,0.359975238,0.0013065,0.005867795,0.068106274,0.124860446,0.059933106,0.008525964,0.018438982,0.018609423,0.166877544,0.224840158,0.237746724,0.14321653,0.010602773,0.008122597,0.13045245,0.215549995,0.074592523
Mettl2,0.974455871,0.738926262,0.501949139,0.604926934,0.529535924,0.527955244,0.950246454,0.915436128,0.972186298,0.783709035,0.961317582,1.144998547,1.134573992,0.924948772,0.973297245,1.062418524,0.589935568,0.693438534,0.713881682,0.934760595,0.845009193,0.360823964,0.955129022,0.933540129,0.386287194,0.9774708,0.534568799,0.920135956,0.887682173,0.431422915,0.37360721,1.078757967,1.01612666,0.777902322,0.778244352,0.374656312,0.583388322,0.662395346,0.90561733,0.906896959,0.730955458,0.662831956,0.539166459,1.14824791,0.918978824,0.9351214
Mettl3-1,0.96498304,0.101407904,0.037541176,0.067726219,0.039125687,0.066264481,1.168246814,1.067799723,1.069744693,0.333806761,0.424265164,1.162758064,0.667259807,1.037105617,0.942673652,0.650939634,0.085726047,0.07321157,0.137155097,0.288755043,0.19664614,0.028691603,0.329345618,0.525899316,0.035676472,0.874658021,0.033874569,0.906334589,0.825895075,0.013706088,0.06391227,0.697685247,0.51342813,0.317209516,0.121675661,0.033602321,0.076421705,0.197907324,0.516415784,0.801865505,0.338655541,0.104209497,0.047912052,0.61694172,0.622769814,0.518314816
Mettl3-2,0.968218159,0.0544392,0.049188326,0.057578177,0.041393718,0.04988824,1.030630332,1.043369619,0.966379999,0.327057161,0.488178813,1.059415926,0.837467152,1.021836601,1.054186678,0.774116456,0.123446074,0.077523576,0.081791948,0.367268679,0.132177718,0.032656798,0.694267348,0.807559372,0.048929847,0.884283394,0.040589809,0.936337854,0.922339124,0.039396096,0.046521053,0.782189152,0.507552352,0.29751682,0.14425177,0.066959288,0.093473176,0.169618773,0.52348826,0.858009872,0.404964275,0.068896588,0.047042909,0.871734829,0.687818261,0.582520895
Mettl3-3,1.00764539,0.279065328,0.233998584,0.256198219,0.243158102,0.222525353,1.256827215,1.323586184,1.028309072,0.530827963,0.607111379,1.037160464,0.957256714,1.134150868,1.06361217,0.782465489,0.301071854,0.256759268,0.289372067,0.400003297,0.198546845,0.094945055,0.70509934,0.742972675,0.113260197,1.122613168,0.203581353,1.022137224,0.917914368,0.071650327,0.03478639,0.855051043,0.724220184,0.416473467,0.277700187,0.102887179,0.249895366,0.299062868,0.675899732,0.948875128,0.530658472,0.281605721,0.211067202,0.845168547,0.79461417,0.648726201
Mettl6,0.704161901,0.404851952,0.240091261,0.384787392,0.372296774,0.313858619,0.813679001,0.700357038,0.729527098,0.481290446,0.556848023,0.665146023,0.746901387,0.869142611,0.773528236,0.885837248,0.449019028,0.358147312,0.469629236,0.528675709,0.320112779,0.141894623,0.649461263,0.74665353,0.136743178,0.664922315,0.263115852,0.834694041,0.743663568,0.119711343,0.142271062,0.687546172,0.568300919,0.467785563,0.472861348,0.154026947,0.418267075,0.364826713,0.555049078,0.620797985,0.502867228,0.404210594,0.315253789,0.848344564,0.959562888,0.711114049
Mrm1,1.040301336,0.740239593,0.682556379,0.669218844,0.60661168,0.65696961,1.128220372,1.027903508,1.028698169,0.852556573,0.835809763,0.870184089,0.916232705,1.237707718,1.129261218,0.958511143,0.651222236,0.615898487,0.720216902,0.762870328,0.609695024,0.278903288,1.06431223,0.796651866,0.372688478,0.961378145,0.551836051,1.353651432,0.939944056,0.309435305,0.287378455,0.798367156,0.820069279,0.750922241,0.672788031,0.320043655,0.58310445,0.653236803,0.85388706,0.812809786,0.748726093,0.679853475,0.520956235,0.854774493,0.666871288,0.807659545
Mrm2,0.848593338,0.026373612,0.007896878,0.052707779,0.019060293,0.014425513,0.943886473,0.947069002,0.910850831,0.297107,0.437368897,1.001859357,0.708658319,0.917486271,0.824281121,0.624950318,0.087899108,0.053613635,0.062666481,0.242038685,0.01563231,0.081314668,0.53338857,0.560758863,0.068089871,0.636024654,0.018195477,0.737123769,0.695730905,0.043250372,0.061360244,0.68384602,0.503905639,0.20251976,0.021556713,0.090672483,0.059567369,0.148894953,0.418660651,0.78567584,0.391094919,0.05100144,0.047866271,0.911638873,0.609793889,0.44072638
Mrm3,0.86151068,0.881487404,0.704799577,0.787834892,0.704316213,0.840292603,1.008420879,1.057331944,0.868806285,0.760417005,0.713662301,1.247383377,1.035787944,0.795107889,0.960097805,0.919384505,0.730732697,0.944786561,1.008743051,0.591802098,0.403806959,0.656968815,0.811077627,0.846056033,0.497879377,0.872118546,0.77260657,0.804604631,0.753762885,0.52112741,0.402509405,0.788959307,0.949228649,0.520491092,0.405889713,0.55258714,0.570720258,0.567221417,0.8617939,0.811613592,0.538772946,0.926548823,0.753244097,0.806512761,1.067185542,0.869421187
NC1,1.08551648,0.928558646,0.89898137,0.909341801,0.919326572,0.814071749,1.092377523,0.976349433,1.028975434,0.857921424,0.875136224,0.764545793,0.907655109,1.165802831,1.024898558,1.009305586,0.977618499,0.8715052,0.894526291,0.84310426,0.778575695,0.728531463,1.032562226,0.901741363,0.819321529,1.009951189,0.880589586,1.274699647,1.013925653,0.730419377,0.82266444,0.771101977,0.904902391,0.853143369,0.788094689,0.774131664,1.017741613,0.861558412,0.900256952,0.93002459,0.99449333,1.044210954,0.88377579,0.798095328,0.880940117,0.93691916
NC2,1.048643115,0.918965601,1.061570681,0.933860914,1.020704271,1.123086002,1.306878021,1.342598432,1.039402486,1.093647895,1.161921525,1.123989861,1.108534165,1.052813454,1.018500475,0.962165489,0.986813803,1.044130654,1.066730742,0.93438019,0.967432781,1.200695652,1.038323272,0.969175809,1.017101583,1.119221559,0.995862447,1.06253718,1.104701792,1.081571607,1.071513304,1.031197128,1.050808522,0.968071786,0.939751689,1.21634775,0.862291367,1.060831973,1.106188477,1.062706712,1.01109615,0.996627784,0.945888332,1.061688058,1.074031192,1.005009931
NC3,0.983111894,1.213790608,1.026802083,0.921786072,0.850737503,0.99106931,0.902669462,0.85788261,0.962299901,0.992989258,0.986888748,0.934138145,1.232462392,0.795792582,0.906239052,0.924470723,0.937418247,1.007058523,1.201677624,1.043482277,1.041224369,1.012871878,1.012121593,0.979181769,0.983601503,1.048888485,0.916635088,0.962122546,0.958318932,0.887664541,1.090340765,1.088891208,1.13273697,1.16555914,1.165930296,0.893156143,1.130004692,0.999208948,1.013691899,1.070716588,1.111911957,1.264371895,0.997773313,1.004690523,1.231302029,1.160205873
NC4,0.95298261,0.8527967,0.972329744,0.834950499,0.909412993,0.929630392,0.877978335,0.890140856,0.921063441,0.996108007,0.953247258,0.943643261,1.112943085,0.99334285,0.95440912,1.073865294,1.016664426,0.927068865,0.917177431,1.002408929,0.960494645,1.024964937,1.019904433,1.114143124,1.274831005,1.037464228,0.88027009,0.963746455,1.013888234,1.247177795,1.040010474,0.986067566,0.965492725,1.075656277,1.020493159,1.22509595,0.967430585,1.032320034,0.958487421,0.986400599,1.154714685,0.850583839,0.994712248,1.114856202,1.042296869,0.980797786
NC5,1.024461456,0.893302979,0.889062259,1.04053035,0.999290952,0.920296933,0.985480499,0.958207467,1.048839974,1.196131152,1.057209298,1.188337483,1.133553425,0.985747897,0.977670326,1.023193385,0.995458909,1.06524041,0.892678681,0.980532026,1.059640998,1.30794702,0.999655983,0.971755525,1.230718662,1.091946578,1.040057124,0.994185416,0.998236053,1.296176913,1.235952978,1.030831713,1.196127674,1.008179487,0.798713791,1.252459862,1.047603041,1.127906337,1.077895872,1.007142914,1.009638668,1.008699312,1.029482545,1.08491034,1.076827739,1.03001529
NC6,0.950707275,1.068458608,1.123748866,1.27062526,1.132585182,1.184994732,0.874383098,0.876144497,0.888237935,1.069263411,1.077090284,1.153576005,1.033321466,0.883946483,0.996933958,0.985108823,1.064028695,1.167991054,1.160903118,1.118696345,1.11641962,0.933892774,0.990856869,1.088973247,0.813524872,0.974584267,1.157207425,0.973458486,0.960133152,0.875793864,0.82336911,1.068874141,1.089665949,1.00248965,1.158733756,0.929896126,0.98742116,1.028111616,1.036704826,1.105056707,0.936702536,1.142891725,1.054534236,1.065445864,1.043247334,1.034996193
NC7,0.960054215,1.122255779,1.109061244,1.043519262,1.234277691,1.214749731,1.071675312,1.117206653,1.007398092,0.951434155,1.014797324,1.362907126,0.868597735,1.036034474,0.992835107,1.114261152,1.074964445,1.109639668,1.19005898,0.972952809,1.031966298,1.171525247,0.856847148,0.97194872,1.195189219,0.916017436,1.206354734,0.9205363,1.008258662,1.06539168,1.22351672,0.935340817,0.953457125,0.920579324,0.936947915,1.244110493,1.02350153,0.850985028,1.059790347,0.896421398,0.923001354,1.149598482,1.032725225,0.957093074,1.001036122,0.966333493
NC8,0.861984516,0.959047657,0.917076917,0.941461004,1.067890243,1.08067086,0.890916567,0.917660286,0.973500627,0.69676601,0.779688229,0.838351263,0.713142774,1.06310972,0.815872636,1.088787357,0.987474362,1.060529015,1.074014239,0.926424252,0.93579694,0.962156624,0.789077901,0.958517819,0.937698543,0.717316913,1.12069261,0.888335641,0.907356848,1.006686097,1.070496424,0.836058821,0.743077773,0.957921272,1.034750046,0.924009391,1.045659862,0.507986492,0.771333944,0.813091557,0.693790848,1.022618355,0.86602321,0.730003282,0.792355452,0.808528149
Nfs1,0.388133572,0.021992581,0.013858759,0.03470447,0.022199472,0.030356462,0.187257474,0.190702664,0.275611069,0.216249027,0.274223172,0.319302816,0.349297029,0.371462492,0.489640643,0.126621467,0.058679558,0.044732106,0.044635393,0.110445474,0.010551832,0.005911106,0.178455373,0.169099766,0.01182273,0.337607946,0.022717797,0.286259811,0.345484984,0.000682827,0.001820872,0.26942424,0.163803129,0.097318798,0.016615597,0.012580452,0.039914682,0.088667588,0.343668812,0.194185009,0.161098908,0.036616279,0.019017811,0.222431959,0.22155522,0.150721308
Nsun2,0.948234576,0.383886262,0.291396219,0.223990611,0.263224125,0.314316871,1.031222325,1.03711879,0.938179907,0.983413784,0.859342581,0.936962646,0.936292736,1.035650983,1.030814073,0.850664384,0.358361231,0.441860782,0.342224053,0.784766833,0.493156671,0.181866012,0.964862897,0.714683569,0.122121646,0.920380152,0.586732682,1.088275277,0.979764426,0.071395721,0.086428576,0.973650062,0.722305853,0.632725355,0.630405632,0.264773665,0.298719252,0.991078104,0.884444326,0.918754469,0.63620184,0.332460327,0.271284403,0.881027717,0.769610487,0.710969471
Nsun4,0.809648834,0.157265985,0.102604094,0.119831926,0.099518923,0.114285009,0.962310616,1.012338944,0.836806749,0.417061915,0.508335575,0.993545314,0.917644876,0.845161767,0.810565349,0.762050016,0.186136581,0.200232881,0.208495784,0.297932368,0.040021325,0.036843126,0.463492605,0.609762186,0.00620759,0.751631648,0.148639006,0.763767883,0.824938355,0.012846299,0.01952088,0.827678243,0.557514386,0.244131183,0.037191774,0.039410031,0.127858549,0.2267548,0.565697371,0.828937987,0.422829677,0.189649819,0.133176444,0.840894064,0.763424995,0.606191623
Osgep,0.346587978,0.01083608,0.007050751,0.017745581,0.009491908,0.012553474,0.263322465,0.215858558,0.207404352,0.052838684,0.150126426,0.725849812,0.19914634,0.271414696,0.322171101,0.087039834,0.03515743,0.011895141,0.029976665,0.076740566,0.003379739,0.003034573,0.108952773,0.139010244,0.004414952,0.341069019,0.004270889,0.331847505,0.165671179,0.000994777,0.000758643,0.249996517,0.115392403,0.064424791,0.003134867,0.005703067,0.029073287,0.032677725,0.115936098,0.139427773,0.113002053,0.021918153,0.01514938,0.236332803,0.214571264,0.127561734
Polr2a,0.574528686,0.024019493,0.017502407,0.033841373,0.032793735,0.020275159,0.742187936,0.589595188,0.377650109,0.091950844,0.216913177,0.251915101,0.228368291,0.537231949,0.540700888,0.133913714,0.058592286,0.040508055,0.042907042,0.161315234,0.009151186,0.002356411,0.268724486,0.268597539,0.002136257,0.248959319,0.058049469,0.733973312,0.311088733,0.00095848,0.001601366,0.351820317,0.203745707,0.139322532,0.013447205,0.005345382,0.05325159,0.077328941,0.163609462,0.209440623,0.17848777,0.041386469,0.0335113,0.314909496,0.301735638,0.208286525
Pus10,1.021584085,0.78408804,1.079300694,0.980412625,1.18160838,1.169973469,1.213726927,1.294660446,0.966906979,0.722244854,0.665874033,1.064563643,0.907560308,1.124149851,0.984562636,1.003494523,1.024011254,1.009756545,1.083060595,0.650812366,0.507942672,0.335410608,1.081073599,0.996988634,0.437679123,0.828461054,0.984274278,1.049704364,1.075042615,0.493063856,0.380369146,0.715649799,0.624480886,0.529713985,0.560009933,0.444309824,0.983684811,0.679263587,0.766772219,0.910457854,0.740308031,0.8802405,0.707890861,0.84740337,0.766540266,0.7900867
Pus3,0.958142013,0.157631229,0.060021258,0.112769878,0.122054144,0.081161595,0.894548594,0.96646161,1.101320426,0.517204625,0.651939564,0.651633086,0.636722351,1.382963384,0.840074479,1.285414741,0.132320444,0.196504257,0.170672921,0.726880471,0.618827535,0.100017304,0.737593116,0.590228211,0.122152809,0.557207891,0.17115945,0.764326134,0.996452991,0.075917016,0.078691222,0.690983978,0.414981082,0.827561115,1.011486243,0.13685305,0.103361252,0.478467079,0.505673847,0.706602572,0.465229108,0.134547408,0.087774187,0.669352538,0.626951627,0.496120558
Pus7,0.926021315,0.518211943,0.238055914,0.315739239,0.221828314,0.274022233,0.88434095,0.887332854,0.89352138,0.648635079,0.836370959,0.838093084,1.03916338,0.880893484,0.795472191,0.862986287,0.326636674,0.358525375,0.662685997,0.740117472,0.655019102,0.281988823,0.931659457,0.715854896,0.100469851,0.814751844,0.256679883,0.896791523,0.937879757,0.071861981,0.039630666,0.979948866,0.975828904,0.669226842,0.681057235,0.427416474,0.269798546,0.57065624,0.799926781,0.897016999,0.683315973,0.551614893,0.304347474,1.039348038,0.949823912,0.87734583
Qtrt1,0.912067341,0.776027707,0.752398568,0.637939768,0.556531775,0.737794452,1.024757665,0.99229041,0.923517614,0.734909685,0.713583661,0.944274686,1.195760508,0.950152623,0.921325784,1.015133551,0.764705901,0.578214183,0.705376265,0.657215697,0.545350358,0.061658186,0.928003667,0.938756585,0.030468913,1.049766026,0.720985434,0.946589684,0.946930054,0.085266638,0.040907419,0.835176509,0.854204219,0.689812216,0.444699277,0.095727511,0.65432103,0.661075533,0.721888594,0.975109579,0.735143652,0.706947071,0.623928525,1.012008187,1.118511325,0.866976334
Qtrt2,0.870639467,1.035692948,0.975630209,0.919927348,0.806989348,0.963231542,0.96620923,0.779416988,1.23433338,0.549094039,0.65699156,0.692344186,0.687309414,1.162426027,0.817870534,1.662850126,0.848992843,0.736114036,1.234343855,0.597893369,0.58316818,0.132157943,0.775440465,0.870486095,0.150151951,0.569498745,1.074272471,0.830421988,0.821263762,0.111523764,0.147715322,0.662598666,0.599582871,0.698820239,0.764122089,0.125789403,1.114353198,0.465661117,0.628191007,0.628916977,0.580479321,1.141084399,0.761463641,0.673951316,0.813084539,0.654865715
Rnmt,1.015491762,0.256675214,0.170763202,0.211426097,0.212481665,0.173827763,1.272275356,1.268741558,0.96063051,0.511857446,0.682775019,1.086943629,0.824325746,1.094963171,1.030516945,0.596918876,0.262294327,0.255909923,0.276183575,0.476865861,0.302791539,0.031396683,0.556458609,0.60213169,0.032660998,0.859109182,0.227279707,1.071901019,0.89867939,0.005753779,0.002930718,0.713694563,0.591196496,0.503882727,0.408272868,0.04197965,0.291755532,0.371033716,0.684942352,0.818472618,0.439900577,0.272660098,0.225741041,0.87414591,0.69543843,0.515877472
Rpusd4,0.873373953,0.233747801,0.216537549,0.211429101,0.230059036,0.259001367,0.829466,0.849163383,0.863225171,0.575014631,0.56755085,1.594267419,0.634374358,0.999970101,1.043101599,0.593627706,0.28519085,0.207872298,0.262687765,0.340790197,0.156318085,0.062055223,0.349565658,0.473634518,0.064778043,0.700019717,0.267499552,0.687342905,1.012569117,0.060170456,0.036313104,0.551916979,0.487577511,0.290973833,0.147299026,0.083812044,0.202119012,0.443384882,0.678680191,0.829494376,0.422937701,0.272867589,0.191272079,0.468751431,0.588521984,0.462154173
Snu13,1.056857993,0.172066888,0.172998596,0.204540827,0.177748585,0.20766646,2.029058004,1.755573768,0.785798535,0.515274096,0.757520078,1.029131136,0.334996189,1.105362135,1.048932879,0.441827036,0.251664289,0.222770738,0.225856305,0.567404493,0.40930417,0.257833379,0.986951136,0.513957657,0.255623586,0.4179198,0.259647676,1.47411105,0.726756061,0.261131713,0.274794476,0.569850601,0.630821498,0.44151612,0.310704448,0.317082497,0.213869664,0.577951333,0.586267755,0.487629182,0.380042269,0.207476789,0.152999288,0.512147075,0.555282525,0.444520224
Tfb1m,0.868436279,0.084692765,0.040009966,0.111978667,0.070656912,0.07264014,1.010923243,0.992302447,1.038794263,0.307261859,0.475518475,0.851032829,0.602945635,1.055725823,0.866773266,0.761483422,0.116005832,0.155915106,0.135289167,0.225915375,0.075370009,0.036710156,0.406312947,0.542559176,0.005151633,0.529488696,0.081681435,0.792667962,0.773444968,0.017736192,0.010107459,0.485697054,0.397626809,0.196881899,0.081377213,0.037730222,0.133960334,0.225726189,0.474609231,0.583688421,0.324811212,0.107200976,0.082000804,0.414647286,0.560511211,0.361341201
Tgs1,0.446085156,0.112535757,0.110591055,0.154716566,0.153536135,0.123917856,0.470308,0.452509732,0.344967143,0.207862545,0.258577521,0.531217016,0.473762788,0.384851994,0.479642702,0.287467743,0.183880521,0.209473093,0.15758996,0.260621762,0.092572517,0.031619725,0.392210844,0.310747413,0.070093721,0.426706773,0.147701892,0.40582148,0.333310196,0.024943513,0.065325559,0.384832771,0.260689212,0.176537236,0.115851088,0.042654006,0.159857202,0.193786319,0.235462332,0.422513293,0.201707384,0.147648047,0.14076825,0.377772564,0.404411375,0.299513623
Thg1l,0.343483239,0.005858034,0.004223351,0.015492472,0.009076276,0.007919626,0.1172601,0.09477051,0.218738532,0.080237205,0.155028752,0.261292392,0.211565144,0.225080852,0.254659904,0.058566447,0.028728029,0.001887045,0.017555171,0.068987116,0.002669172,0.002185434,0.078990936,0.10551915,0.003496694,0.282630039,0.00160358,0.217517714,0.311367316,0.000648282,0,0.261528355,0.124819297,0.055457485,0.002856738,0.007786013,0.022622664,0.023515229,0.198632707,0.127040544,0.171887313,0.012606502,0.010078616,0.212633787,0.228555509,0.099031559
Thumpd1,0.808872778,0.259373493,0.244656475,0.32391068,0.425868246,0.268729116,1.143740181,1.096673778,0.860751459,0.609190107,0.754180551,1.059674394,0.758617957,1.109153667,0.838737368,1.06949684,0.376756108,0.45621098,0.261331043,0.632952203,0.511776129,0.345396561,0.791107496,0.745646654,0.424889294,0.782930165,0.360913866,0.98472238,0.84460611,0.275628215,0.33813549,0.75569981,0.599536055,0.602239414,0.51150098,0.383168513,0.308001108,0.562323767,0.709375562,0.676466997,0.536106594,0.207346547,0.250408193,0.811782409,0.77129008,0.717916062
Tprkb,0.595376688,0.070293221,0.07144136,0.086827956,0.050711366,0.078871694,1.190093172,1.246878341,0.509234773,0.299974772,0.464452823,1.171374711,0.621144567,0.672632131,0.676291838,0.285208183,0.108246896,0.111537937,0.102119719,0.253528676,0.110635274,0.021727419,0.330498502,0.317944019,0.042495676,0.496837008,0.104478703,0.615268604,0.66075422,0.014082577,0.023934403,0.545581552,0.304548539,0.213261607,0.12409446,0.016720315,0.085654014,0.209007473,0.492294086,0.316751446,0.270884143,0.064387041,0.068875097,0.5916034,0.471576435,0.304112159
Trdmt1,0.947394731,0.666339405,0.77327798,0.575570865,0.75121116,0.817939621,1.489151239,1.667888456,0.981181813,0.762025723,0.668439039,1.457444295,0.816313593,1.132503784,1.107658997,1.091734926,0.734045735,0.961575857,0.758242574,0.624231871,0.534761693,0.38961039,0.955118869,0.789382183,0.576908019,0.796670608,0.785099668,0.921137976,1.00196238,0.410231982,0.497592729,0.686853845,0.635125897,0.574703811,0.726597239,0.490932494,0.606042793,0.68646096,0.695868131,0.765504807,0.557586428,0.695655941,0.510306688,0.810102815,0.93713801,0.786190096
Trit1,0.784192446,0.039894718,0.01728377,0.06226309,0.015312984,0.029083516,0.887391482,0.893027608,0.840553517,0.452791323,0.451366294,0.791724699,0.587107259,0.918858897,0.80665715,0.699636993,0.067001951,0.030476981,0.075991997,0.206413205,0.01476015,0.016971059,0.265756337,0.445735727,0.004518245,0.552832014,0.034615682,0.651067543,0.706505622,0.007616087,0.004698438,0.57924147,0.417595551,0.166581305,0.012342577,0.025794182,0.060923113,0.33186655,0.498992875,0.588943411,0.282685751,0.066717133,0.034149592,0.396821266,0.525009849,0.43209582
Trmo,0.969900153,0.944482633,0.946821275,0.822721154,0.777295312,0.95606306,1.249848973,1.294297019,0.989550374,0.950393474,0.971501727,1.12330592,1.17859096,1.00539377,1.020038991,1.059047418,0.828404759,0.741862862,0.961473799,1.009285737,0.727478196,0.628178233,1.16204649,0.974554152,0.722414485,1.041991191,0.789140017,0.998473562,1.05507012,0.530641245,0.68712047,1.043348583,0.975925103,0.707500784,0.751045643,0.652775186,0.798934786,1.006422657,0.957257337,1.087086708,0.791364367,0.848436431,0.730999108,1.208939807,1.029083551,0.94991752
Trmt10a,1.033517621,0.448710299,0.269945685,0.304459354,0.291711092,0.276706105,0.978021467,0.934590671,1.25890067,0.672146094,0.611118765,0.744532437,0.589685824,1.087024586,0.956728968,1.240727147,0.293424429,0.486160528,0.408078975,0.545388269,0.45420429,0.312863165,0.621774383,0.573904341,0.202895884,0.673042427,0.593492436,0.87832789,0.851432816,0.161954219,0.104624483,0.719830086,0.629300045,0.51804841,0.392766026,0.311905354,0.296458771,0.507762113,0.673020909,0.709050693,0.442073465,0.532546991,0.289849139,0.621705552,0.763480464,0.571012998
Trmt10b,1.039171682,0.736264524,0.727912014,0.714731702,0.738748465,0.638829117,0.991055752,0.925358764,0.993923795,0.863859146,0.824465655,1.067264398,1.137281235,0.999442698,1.005180367,1.061997687,0.738492631,0.731047107,0.797714862,0.805402623,0.686001761,0.283639833,1.068225444,0.979582067,0.242441831,1.022692286,0.718410289,1.044867566,1.047011355,0.237856236,0.157764454,1.0064427,0.97896399,0.737997454,0.658045159,0.290274535,0.990283094,0.855659505,0.901368302,1.026890223,0.750944094,0.901896717,0.692608235,1.120489936,1.016960504,1.00203418
Trmt10c,0.78835432,0.192367437,0.143302711,0.157773757,0.1438204,0.164872193,0.574184906,0.560271392,0.831627239,0.370622517,0.495224746,0.942789431,0.739719388,0.904875034,0.867661238,0.433022787,0.195278167,0.244021056,0.221583696,0.260339328,0.078574384,0.066019134,0.345778521,0.492670586,0.035526933,0.663315285,0.183425228,0.651828684,0.830009493,0.057337341,0.047778741,0.616173234,0.514565117,0.235929974,0.10246184,0.077133495,0.146487905,0.176183278,0.635327686,0.773459115,0.373062367,0.172220906,0.177501972,0.575559163,0.571096286,0.379674211
Trmt112,0.747461744,0.118773364,0.029589378,0.049654892,0.025923551,0.052169747,0.904850529,0.931471673,0.787569578,0.250582235,0.373777499,1.1446352,0.471390166,0.780385374,0.783980233,0.280552969,0.075660729,0.048090764,0.064153776,0.194280782,0.037804146,0.005850091,0.225481957,0.219978394,0.00406543,0.530195973,0.020441537,0.722873866,0.625524233,0.000818247,0.000409123,0.377608902,0.335109756,0.16760081,0.030352377,0.020342831,0.06961073,0.088443718,0.458713842,0.299118696,0.285205179,0.083447232,0.030479652,0.602100453,0.559528448,0.348929193
Trmt5,0.817685103,0.268341295,0.363789684,0.328706851,0.349681229,0.347161188,0.847193359,0.905295362,0.766570569,0.592550349,0.614716933,0.652179677,0.962812965,1.027363353,0.821981012,0.850479783,0.419779682,0.433418834,0.350550887,0.57169343,0.28242649,0.117172493,1.05331484,0.84775204,0.069612868,0.804451368,0.412815149,0.951911361,0.866764524,0.213999107,0.079369797,0.738055698,0.575979096,0.471353175,0.356654446,0.228969338,0.337108486,0.66965086,0.604149631,0.900890564,0.528756166,0.327466502,0.275487824,0.920581853,0.904240634,0.790793206
Trmt6,0.413855386,0.047950182,0.02104742,0.054576114,0.029009308,0.028992398,0.338746002,0.316218964,0.416960761,0.280599194,0.388220082,0.728133175,0.39657322,0.390996178,0.416356604,0.206451241,0.065189769,0.030670477,0.107183972,0.134863768,0.021526311,0.004633108,0.250914076,0.226278777,0.004379224,0.41432523,0.063724841,0.378666548,0.363657515,0.000608865,0,0.268844007,0.214904668,0.154244051,0.053269602,0.013200912,0.062203864,0.195361972,0.434400474,0.285823107,0.226428979,0.070958935,0.029687381,0.24409606,0.338467981,0.155430743
Trmt61a,0.621947616,0.010263689,0.006148908,0.04342032,0.011394267,0.015957572,0.865680379,0.847407886,0.775500423,0.228204206,0.298246406,0.781855753,0.331974542,0.898286507,0.667286015,0.199958412,0.043702885,0.045148244,0.035656443,0.112416799,0.010827092,0.00698872,0.21071279,0.222280184,0.006999715,0.342569927,0.0084078,0.702976498,0.532318655,0.00076864,0.001281066,0.201430357,0.160034345,0.088998702,0.009632124,0.014914917,0.034572247,0.11463212,0.388405291,0.191359833,0.232512819,0.029351252,0.013484757,0.217008922,0.243927103,0.134354565
Trmt61b,0.924808977,0.716656488,1.118303167,0.825397885,1.110918163,1.146242629,1.109661377,1.26044146,0.889557391,0.926483478,0.959154977,1.389330775,1.10378872,1.045389109,1.057240804,1.040656284,0.982912739,1.033972583,1.023199948,0.91159708,0.841014232,0.506318269,0.976631277,1.006210265,0.542053914,0.985136057,0.862887901,0.98530735,0.947606533,0.435363638,0.544713523,0.98517046,1.04700871,0.784361567,0.75649061,0.468127817,1.00626276,0.725554053,0.997065446,0.861570356,0.692534425,1.047508318,0.850929113,1.079598341,1.087250778,0.973322782
Trmu,1.095793887,0.012163458,0.008702847,0.037982452,0.018215622,0.013685108,1.704937441,1.555406833,1.015564555,0.51676437,0.501476594,1.125886094,0.505925628,1.234557121,1.226188522,0.487126338,0.060334665,0.046448122,0.032186709,0.226137428,0.005971088,0.008742977,0.123852664,0.348317587,0.007168205,0.568401875,0.024758175,1.187302471,0.948479651,0.002174042,0.005632931,0.501666122,0.385689642,0.188387055,0.007889657,0.018730685,0.052497465,0.354129638,0.685893441,0.686080104,0.323608575,0.031458323,0.04534866,0.293260753,0.352483686,0.271729858
Trp53rka,0.756690124,0.686344242,0.518916793,0.61278522,0.533389798,0.613954564,0.62726199,0.569140196,0.770890974,0.843095909,0.772388079,0.763214166,1.159801164,0.716915571,0.67469339,0.868064602,0.623515288,0.657785933,0.662429147,0.780564162,0.615956344,0.21976079,0.945513506,0.907345404,0.290065584,0.86429712,0.646990749,0.77956571,0.703056002,0.183933237,0.299939992,1.072509362,0.942077709,0.771263803,0.656703035,0.209806809,0.569795625,0.689295841,0.852370357,0.861579894,0.861291253,0.685986229,0.64191614,1.175149395,1.022601194,1.023776937
Trp53rkb,1.060237511,0.331425714,0.234433202,0.298901695,0.262057916,0.23738162,1.004713566,0.785817907,1.02724215,0.497826877,0.576785844,0.737849334,0.4830071,1.21004461,0.926326664,0.416961674,0.327789725,0.311208798,0.335382118,0.520439588,0.517231105,0.338865345,0.840885298,0.532904663,0.340704955,0.483204011,0.308456988,1.304491402,0.852523679,0.32564073,0.305490324,0.526948016,0.620634314,0.512347531,0.380359117,0.301464104,0.326313647,0.48046017,0.58210633,0.494672332,0.548977317,0.389183714,0.253648552,0.471017954,0.530367379,0.481743051
Txn1,0.782529511,0.151432102,0.031331511,0.058273471,0.014848028,0.059356925,0.936185514,0.998619234,0.79550915,0.261458928,0.382265993,1.064474326,0.470491191,0.870819741,0.848562422,0.265953089,0.055900265,0.022247179,0.06763178,0.191279256,0.009488063,0.007615046,0.312350651,0.207936792,0.008719544,0.479477598,0.01127176,0.701300654,0.647071659,0.001591101,0.003185914,0.386634967,0.316976676,0.159325737,0.013935739,0.019615892,0.04047121,0.103159,0.456371047,0.427680784,0.266033896,0.084056212,0.023397347,0.742707024,0.496030557,0.281326732
Tyw5,1.032934157,0.564630917,0.358661163,0.470666558,0.529032543,0.39834617,0.983601091,0.863548892,0.991922895,0.750338391,0.618254019,0.794160139,0.72065997,1.10813247,1.036892756,0.859423156,0.661016938,0.528090246,0.598125761,0.616926251,0.472988067,0.318047999,0.9630381,0.728525632,0.28979628,0.680486641,0.516121726,1.218679469,0.800602237,0.315724617,0.319625766,0.574770849,0.756173436,0.595365235,0.469306309,0.340928224,0.625247844,0.56227233,0.807651823,0.750130375,0.559214033,0.599764695,0.520310466,0.659819523,0.642125634,0.665323481
Urm1,0.841745252,0.316888596,0.02827903,0.08662061,0.0619977,0.053665451,0.994571744,0.999158783,1.074269956,0.377912928,0.505598851,0.660179907,0.592593355,1.241185791,0.885854427,0.913099963,0.100770842,0.093298109,0.537774979,0.48809413,0.259793311,0.009838442,0.626753558,0.53265291,0.005696166,0.559060193,0.058370883,0.844897895,0.713788856,0.000932965,0.001243652,0.573926055,0.400542833,0.693238469,0.617545659,0.026157471,0.106759568,0.368985536,0.465229179,0.56801789,0.346323348,0.334731561,0.047712343,0.617616196,0.587274685,0.408981949
Wdr4,0.496089194,0.121357204,0.068480578,0.081366518,0.069014883,0.098206163,0.367235164,0.343305591,0.350402105,0.556659096,0.527343039,0.945646816,0.348203108,0.356634627,0.386763701,0.182351224,0.099378896,0.1263572,0.149870664,0.177193956,0.067767912,0.020066407,0.178024957,0.221809493,0.029722173,0.413689455,0.08919763,0.396394096,0.484932016,0.001368613,0.01293916,0.29627811,0.226272315,0.171772188,0.089029604,0.040427277,0.087309166,0.450103507,0.616670636,0.209969699,0.226919675,0.11537903,0.075120192,0.237614626,0.321914781,0.288202078
Ythdc1-1,0.593710582,0.062684625,0.075980662,0.062579868,0.053193339,0.060455888,0.763660873,0.732544733,0.670799842,0.341445242,0.539044397,0.479319427,0.486451696,0.598707861,0.666863401,0.225980441,0.090736811,0.108056989,0.07635942,0.359707717,0.321451514,0.014886731,0.194637717,0.322291893,0.029651509,0.42943552,0.087599121,0.505872257,0.547916235,0.023446719,0.020571449,0.479660727,0.345018102,0.364205833,0.378868129,0.029496658,0.09150705,0.357261672,0.375722823,0.483070922,0.373484731,0.084543557,0.063870818,0.333676365,0.505440168,0.266352224
Ythdc1-2,0.548907208,0.21394139,0.078978594,0.086365859,0.080828662,0.109352625,0.733125595,0.689316028,0.694789989,0.244173246,0.389939206,0.294876152,0.39233453,0.804919593,0.632331032,0.237470747,0.11648247,0.093111769,0.200181723,0.413090974,0.322966898,0.018444513,0.245991044,0.302968457,0.014217905,0.349302043,0.087807861,0.537810896,0.56600319,0.025995291,0.025941087,0.309721675,0.232159397,0.521874483,0.612674307,0.032400972,0.103257126,0.225952829,0.283863011,0.379312998,0.296531602,0.186512805,0.078375625,0.240343342,0.359412982,0.20471879
Ythdf1-1,1.161234894,0.604587497,0.342660884,0.386209185,0.485683121,0.381799568,1.41239404,1.500849332,1.058135886,0.640613156,0.647738611,1.055845556,0.925055215,1.27612769,1.145286211,0.987956508,0.523976656,0.444710526,0.595545245,0.59660661,0.412733497,0.828578906,1.064747254,0.800146708,0.511636707,0.9985106,0.476966356,1.185033601,1.082153298,0.606419971,0.707473521,0.685922196,0.769838351,0.548985432,0.376069212,0.874834864,0.499012862,0.494995386,0.723765908,0.877075942,0.608652891,0.511765914,0.404598101,0.956322774,0.935216074,0.90419446
Ythdf1-2,1.018129977,0.708430272,0.414480479,0.544453151,0.585209925,0.482672704,1.157470251,1.257447183,1.107651157,0.76204156,0.763463179,1.249725401,1.157876915,1.130919196,1.060523142,0.953620256,0.634793554,0.699415219,0.566123227,0.707516545,0.54207362,1.517149072,1.024851246,0.959783925,1.221710508,1.183809148,0.634070504,0.919154452,1.079006944,1.437942928,1.425473409,0.917181173,0.977305428,0.593993111,0.502561898,1.492790683,0.79583126,0.583466055,0.836949061,1.053724069,0.687599214,0.558765622,0.629862395,1.284646827,1.150117372,1.108616145
